Team,Year,Round,Status,PickValue,TradeDetails
Anaheim Ducks,2027,1,Own,14.49,
Anaheim Ducks,2027,2,Acquired from Blues,5.71,Dec 14 2024 The St. Louis Blues acquired Cam Fowler and a 4th round pick from the Anaheim Ducks for a 2nd round pick and Jeremie Biakabutuka
Anaheim Ducks,2027,2,Acquired from Red Wings,5.71,"Jun 28 2025 The Detroit Red Wings acquired John Gibson from the Anaheim Ducks for Petr Mrazek, a 2027 2nd round pick, and a 2026 4th round pick"
Anaheim Ducks,2027,2,Own,5.71,
Anaheim Ducks,2027,3,Traded Away,2.05,Mar 5 2026 | Traded Away The Anaheim Ducks acquire John Carlson from the Washington Capitals for a conditional 2026 1st round pick and a 2027 3rd round pick.
Anaheim Ducks,2027,4,Traded Away,0.98,Dec 14 2024 | Traded Away The St. Louis Blues acquired Cam Fowler and a 4th round pick from the Anaheim Ducks for a 2nd round pick and Jeremie Biakabutuka
Anaheim Ducks,2027,5,Own,0.54,
Anaheim Ducks,2027,6,Own,0.29,
Anaheim Ducks,2027,7,Acquired from Flames,0.14,Mar 6 2026 The Calgary Flames acquire Ryan Strome from the Anaheim Ducks for a 2027 7th round pick.
Anaheim Ducks,2027,7,Own,0.14,
Anaheim Ducks,2028,1,Own,14.49,
Anaheim Ducks,2028,2,Own,5.71,
Anaheim Ducks,2028,3,Own,2.05,
Anaheim Ducks,2028,4,Own,0.98,
Anaheim Ducks,2028,5,Own,0.54,
Anaheim Ducks,2028,6,Own,0.29,
Anaheim Ducks,2028,7,Own,0.14,
Anaheim Ducks,2029,1,Own,14.49,
Anaheim Ducks,2029,2,Own,5.71,
Anaheim Ducks,2029,3,Own,2.05,
Anaheim Ducks,2029,4,Own,0.98,
Anaheim Ducks,2029,5,Own,0.54,
Anaheim Ducks,2029,6,Own,0.29,
Anaheim Ducks,2029,7,Own,0.14,
Anaheim Ducks,2030,1,Own,14.49,
Anaheim Ducks,2030,2,Own,5.71,
Anaheim Ducks,2030,3,Own,2.05,
Anaheim Ducks,2030,4,Own,0.98,
Anaheim Ducks,2030,5,Own,0.54,
Anaheim Ducks,2030,6,Own,0.29,
Anaheim Ducks,2030,7,Own,0.14,
Anaheim Ducks,2031,1,Own,14.49,
Anaheim Ducks,2031,2,Own,5.71,
Anaheim Ducks,2031,3,Own,2.05,
Anaheim Ducks,2031,4,Own,0.98,
Anaheim Ducks,2031,5,Own,0.54,
Anaheim Ducks,2031,6,Own,0.29,
Anaheim Ducks,2031,7,Own,0.14,
Boston Bruins,2027,1,Acquired from Maple Leafs,68.02,"Mar 7 2025 The Toronto Maple Leafs acquired Brandon Carlo from the Boston Bruins for Fraser Minten, a 2026 1st round pick and a 2025 4th round pick"
Boston Bruins,2027,1,Own,14.49,
Boston Bruins,2027,2,Traded Away,5.71,Jul 1 2026 | Traded Away The Boston Bruins acquire William Borgen from the New York Rangers for a 2027 2nd round pick and a conditional 2028 3rd round pick
Boston Bruins,2027,3,Traded Away,2.05,Mar 8 2024 | Traded Away The Boston Bruins acquired Andrew Peeke from the Columbus Blue Jackets for a 2027 3rd round pick and Jakub Zboril
Boston Bruins,2027,4,Acquired from Jets,0.98,"Jun 27 2026 The Pittsburgh Penguins acquire a 2026 4th round pick (DET, #111) from the Boston Bruins for a 2027 4th round pick (WPG) and a 2026 6th round pick (NAS, #170)"
Boston Bruins,2027,4,Own,0.98,
Boston Bruins,2027,5,Traded Away,0.54,Jul 1 2025 | Traded Away The Boston Bruins acquired Viktor Arvidsson from the Edmonton Oilers for a 2027 5th round pick
Boston Bruins,2027,6,Own,0.29,
Boston Bruins,2027,7,Own,0.14,
Boston Bruins,2028,1,Own,14.49,
Boston Bruins,2028,2,Own,5.71,
Boston Bruins,2028,3,Traded Away,2.05,Jul 1 2026 | Traded Away The Boston Bruins acquire William Borgen from the New York Rangers for a 2027 2nd round pick and a conditional 2028 3rd round pick
Boston Bruins,2028,4,Acquired from Rangers,0.98,Jul 1 2026 The New York Rangers acquire Joonas Korpisalo from the Boston Bruins for Kalle Väisänen and a 2028 4th round pick
Boston Bruins,2028,4,Own,0.98,
Boston Bruins,2028,5,Own,0.54,
Boston Bruins,2028,6,Own,0.29,
Boston Bruins,2028,7,Own,0.14,
Boston Bruins,2029,1,Own,14.49,
Boston Bruins,2029,2,Own,5.71,
Boston Bruins,2029,3,Own,2.05,
Boston Bruins,2029,4,Own,0.98,
Boston Bruins,2029,5,Own,0.54,
Boston Bruins,2029,6,Own,0.29,
Boston Bruins,2029,7,Own,0.14,
Boston Bruins,2030,1,Own,14.49,
Boston Bruins,2030,2,Own,5.71,
Boston Bruins,2030,3,Own,2.05,
Boston Bruins,2030,4,Own,0.98,
Boston Bruins,2030,5,Own,0.54,
Boston Bruins,2030,6,Own,0.29,
Boston Bruins,2030,7,Own,0.14,
Boston Bruins,2031,1,Own,14.49,
Boston Bruins,2031,2,Own,5.71,
Boston Bruins,2031,3,Own,2.05,
Boston Bruins,2031,4,Own,0.98,
Boston Bruins,2031,5,Own,0.54,
Boston Bruins,2031,6,Own,0.29,
Boston Bruins,2031,7,Own,0.14,
Buffalo Sabres,2027,1,Own,14.49,
Buffalo Sabres,2027,2,Traded Away,5.71,"Mar 5 2026 | Traded Away The Buffalo Sabres acquire Logan Stanley and Luke Schenn (50% retained) from the Winnipeg Jets for Jacob Bryson, Isak Rosén, a 2027 2nd round pick and a conditional 2026 4th round pick."
Buffalo Sabres,2027,3,Acquired from Sharks,2.05,Jun 24 2026 The Buffalo Sabres acquire a 2027 3rd round pick (SJS) and David Kampf from the Washington Capitals for Alex Tuch
Buffalo Sabres,2027,3,Own,2.05,
Buffalo Sabres,2027,4,Own,0.98,
Buffalo Sabres,2027,5,Own,0.54,
Buffalo Sabres,2027,6,Own,0.29,
Buffalo Sabres,2027,7,Own,0.14,
Buffalo Sabres,2028,1,Own,14.49,
Buffalo Sabres,2028,2,Own,5.71,
Buffalo Sabres,2028,3,Acquired from Oilers,2.05,Jul 1 2026 The Edmonton Oilers acquire Devon Levi and a 2028 7th round pick from the Buffalo Sabres for a 2028 3rd round pick
Buffalo Sabres,2028,3,Own,2.05,
Buffalo Sabres,2028,4,Own,0.98,
Buffalo Sabres,2028,5,Own,0.54,
Buffalo Sabres,2028,6,Own,0.29,
Buffalo Sabres,2028,7,Traded Away,0.14,Jul 1 2026 | Traded Away The Edmonton Oilers acquire Devon Levi and a 2028 7th round pick from the Buffalo Sabres for a 2028 3rd round pick
Buffalo Sabres,2029,1,Own,14.49,
Buffalo Sabres,2029,2,Own,5.71,
Buffalo Sabres,2029,3,Own,2.05,
Buffalo Sabres,2029,4,Own,0.98,
Buffalo Sabres,2029,5,Own,0.54,
Buffalo Sabres,2029,6,Own,0.29,
Buffalo Sabres,2029,7,Own,0.14,
Buffalo Sabres,2030,1,Own,14.49,
Buffalo Sabres,2030,2,Own,5.71,
Buffalo Sabres,2030,3,Own,2.05,
Buffalo Sabres,2030,4,Own,0.98,
Buffalo Sabres,2030,5,Own,0.54,
Buffalo Sabres,2030,6,Own,0.29,
Buffalo Sabres,2030,7,Own,0.14,
Buffalo Sabres,2031,1,Own,14.49,
Buffalo Sabres,2031,2,Own,5.71,
Buffalo Sabres,2031,3,Own,2.05,
Buffalo Sabres,2031,4,Own,0.98,
Buffalo Sabres,2031,5,Own,0.54,
Buffalo Sabres,2031,6,Own,0.29,
Buffalo Sabres,2031,7,Own,0.14,
Calgary Flames,2027,1,Own,68.02,
Calgary Flames,2027,2,Own,5.71,
Calgary Flames,2027,2,Acquired from Avalanche,5.71,"Mar 6 2026 The Colorado Avalanche acquire Nazem Kadri (20% retained) and a 2027 4th round pick from the Calgary Flames for Victor Olofsson, Maxmilian Curran, a conditional 2028 1st round pick and a conditional 2027 2nd round pick."
Calgary Flames,2027,3,Own,2.05,
Calgary Flames,2027,3,Acquired from Wild,2.05,"Jul 2 2026 The Minnesota Wild acquire Blake Coleman (50% retained) and Olli Maatta from the Calgary Flames for Jacob Middleton, a 2029 2nd round pick, a 2027 3rd round pick and a 2028 4th round pick"
Calgary Flames,2027,4,Traded Away,0.98,"Mar 6 2026 | Traded Away The Colorado Avalanche acquire Nazem Kadri (20% retained) and a 2027 4th round pick from the Calgary Flames for Victor Olofsson, Maxmilian Curran, a conditional 2028 1st round pick and a conditional 2027 2nd round pick."
Calgary Flames,2027,5,Own,0.54,
Calgary Flames,2027,6,Own,0.29,
Calgary Flames,2027,7,Traded Away,0.14,Mar 6 2026 | Traded Away The Calgary Flames acquire Ryan Strome from the Anaheim Ducks for a 2027 7th round pick.
Calgary Flames,2028,1,Own,68.02,
Calgary Flames,2028,2,Own,5.71,
Calgary Flames,2028,2,Acquired from Golden Knights,5.71,"Jan 18 2026 The Vegas Golden Knights acquired Rasmus Andersson from the Calgary Flames for Zach Whitecloud, Abram Wiebe, a 2027 1st round pick, and a conditional 2028 2nd round pick"
Calgary Flames,2028,3,Own,2.05,
Calgary Flames,2028,4,Own,0.98,
Calgary Flames,2028,4,Acquired from Wild,0.98,"Jul 2 2026 The Minnesota Wild acquire Blake Coleman (50% retained) and Olli Maatta from the Calgary Flames for Jacob Middleton, a 2029 2nd round pick, a 2027 3rd round pick and a 2028 4th round pick"
Calgary Flames,2028,5,Own,0.54,
Calgary Flames,2028,6,Own,0.29,
Calgary Flames,2028,7,Traded Away,0.14,"Jan 30 2025 | Traded Away The Calgary Flames acquired Joel Farabee and Morgan Frost from the Philadelphia Flyers for Andrei Kuzmenko, Jakob Pelletier, a 2025 2nd round pick, and 2028 7th round pick"
Calgary Flames,2029,1,Own,68.02,
Calgary Flames,2029,2,Own,5.71,
Calgary Flames,2029,2,Acquired from Wild,5.71,"Jul 2 2026 The Minnesota Wild acquire Blake Coleman (50% retained) and Olli Maatta from the Calgary Flames for Jacob Middleton, a 2029 2nd round pick, a 2027 3rd round pick and a 2028 4th round pick"
Calgary Flames,2029,3,Own,2.05,
Calgary Flames,2029,4,Own,0.98,
Calgary Flames,2029,5,Own,0.54,
Calgary Flames,2029,6,Own,0.29,
Calgary Flames,2029,7,Own,0.14,
Calgary Flames,2030,1,Own,68.02,
Calgary Flames,2030,2,Own,5.71,
Calgary Flames,2030,3,Own,2.05,
Calgary Flames,2030,4,Own,0.98,
Calgary Flames,2030,5,Own,0.54,
Calgary Flames,2030,6,Own,0.29,
Calgary Flames,2030,7,Own,0.14,
Calgary Flames,2031,1,Own,68.02,
Calgary Flames,2031,2,Own,5.71,
Calgary Flames,2031,3,Own,2.05,
Calgary Flames,2031,4,Own,0.98,
Calgary Flames,2031,5,Own,0.54,
Calgary Flames,2031,6,Own,0.29,
Calgary Flames,2031,7,Own,0.14,
Carolina Hurricanes,2027,1,Own,14.49,
Carolina Hurricanes,2027,2,Own,5.71,
Carolina Hurricanes,2027,3,Acquired from Stars,2.05,"Mar 7 2025 The Dallas Stars acquired Mikko Rantanen from the Carolina Hurricanes for Logan Stankoven, a conditional 2026 1st round pick, a conditional 2028 1st round pick, a 2026 3rd round pick, a 2027 3rd round pick"
Carolina Hurricanes,2027,3,Own,2.05,
Carolina Hurricanes,2027,4,Own,0.98,
Carolina Hurricanes,2027,5,Own,0.54,
Carolina Hurricanes,2027,6,Own,0.29,
Carolina Hurricanes,2027,7,Own,0.14,Mar 6 2026 The Carolina Hurricanes acquire Nicolas Deslauriers from the Philadelphia Flyers for a 2027 7th round pick.
Carolina Hurricanes,2028,1,Acquired from Stars,14.49,"Mar 7 2025 The Dallas Stars acquired Mikko Rantanen from the Carolina Hurricanes for Logan Stankoven, a conditional 2026 1st round pick, a conditional 2028 1st round pick, a 2026 3rd round pick, a 2027 3rd round pick"
Carolina Hurricanes,2028,1,Own,14.49,
Carolina Hurricanes,2028,2,Own,5.71,
Carolina Hurricanes,2028,3,Own,2.05,
Carolina Hurricanes,2028,4,Own,0.98,
Carolina Hurricanes,2028,5,Own,0.54,
Carolina Hurricanes,2028,6,Own,0.29,
Carolina Hurricanes,2028,7,Own,0.14,
Carolina Hurricanes,2029,1,Own,14.49,
Carolina Hurricanes,2029,2,Own,5.71,
Carolina Hurricanes,2029,3,Own,2.05,
Carolina Hurricanes,2029,4,Own,0.98,
Carolina Hurricanes,2029,5,Own,0.54,
Carolina Hurricanes,2029,6,Own,0.29,
Carolina Hurricanes,2029,7,Own,0.14,
Carolina Hurricanes,2030,1,Own,14.49,
Carolina Hurricanes,2030,2,Own,5.71,
Carolina Hurricanes,2030,3,Own,2.05,
Carolina Hurricanes,2030,4,Own,0.98,
Carolina Hurricanes,2030,5,Own,0.54,
Carolina Hurricanes,2030,6,Own,0.29,
Carolina Hurricanes,2030,7,Own,0.14,
Carolina Hurricanes,2031,1,Own,14.49,
Carolina Hurricanes,2031,2,Own,5.71,
Carolina Hurricanes,2031,3,Own,2.05,
Carolina Hurricanes,2031,4,Own,0.98,
Carolina Hurricanes,2031,5,Own,0.54,
Carolina Hurricanes,2031,6,Own,0.29,
Carolina Hurricanes,2031,7,Own,0.14,
Chicago Blackhawks,2027,1,Own,68.02,
Chicago Blackhawks,2027,1,Acquired from Panthers,31.29,Mar 1 2025 The Florida Panthers acquired Seth Jones and a 2026 4th round pick from the Chicago Blackhawks for Spencer Knight and a 2026 conditional 1st round pick (top 10 protected)
Chicago Blackhawks,2027,1,Acquired from Oilers,14.49,Mar 4 2026 The Edmonton Oilers acquire Jason Dickinson (50% retained) and Colton Dach from the Chicago Blackhawks for Andrew Mangiapane and a conditional 2027 1st round pick.
Chicago Blackhawks,2027,2,Acquired from Canucks,5.71,"Jun 26 2024 The Chicago Blackhawks acquired Ilya Mikheyev, Sam Lafferty, and a 2027 2nd round pick from the Vancouver Canucks for a 2027 4th round pick"
Chicago Blackhawks,2027,2,Own,5.71,
Chicago Blackhawks,2027,3,Own,2.05,
Chicago Blackhawks,2027,3,Acquired from Lightning,2.05,Jun 1 2026 The Tampa Bay Lightning acquire Jack Pridham from the Chicago Blackhawks for a 2027 3rd round pick
Chicago Blackhawks,2027,4,Own,0.98,"traded for Reichel/Mikheyev swap, net owned"
Chicago Blackhawks,2027,5,Traded Away,0.54,"Jun 27 2025 | Traded Away The Chicago Blackhawks acquired a 2025 1st round pick (#29) from the Carolina Hurricanes for a 2025 2nd round pick (#34), a 2025 2nd round pick (#62), a 2027 5th round pick"
Chicago Blackhawks,2027,6,Own,0.29,
Chicago Blackhawks,2027,6,Acquired from Senators,0.29,Jun 26 2026 The Ottawa Senators acquire Andre Burakovsky from the Chicago Blackhawks for a 2027 6th round pick
Chicago Blackhawks,2027,7,Own,0.14,
Chicago Blackhawks,2028,1,Own,68.02,
Chicago Blackhawks,2028,2,Own,5.71,
Chicago Blackhawks,2028,2,Acquired from Oilers,5.71,Mar 2 2026 The Edmonton Oilers acquire Connor Murphy (50% retained) from the Chicago Blackhawks for a 2028 2nd round pick.
Chicago Blackhawks,2028,3,Own,2.05,
Chicago Blackhawks,2028,4,Own,0.98,
Chicago Blackhawks,2028,4,Acquired from Sharks,0.98,"Jan 8 2026 The San Jose Sharks acquired Laurent Brossoit, Nolan Allan and a 2028 7th round pick from the Chicago Blackhawks for Ryan Ellis, Jake Furlong and a 2028 4th round pick"
Chicago Blackhawks,2028,5,Own,0.54,
Chicago Blackhawks,2028,6,Own,0.29,
Chicago Blackhawks,2028,7,Traded Away,0.14,"Jan 8 2026 | Traded Away The San Jose Sharks acquired Laurent Brossoit, Nolan Allan and a 2028 7th round pick from the Chicago Blackhawks for Ryan Ellis, Jake Furlong and a 2028 4th round pick"
Chicago Blackhawks,2029,1,Own,68.02,
Chicago Blackhawks,2029,2,Own,5.71,
Chicago Blackhawks,2029,3,Own,2.05,
Chicago Blackhawks,2029,4,Own,0.98,
Chicago Blackhawks,2029,5,Own,0.54,
Chicago Blackhawks,2029,6,Own,0.29,
Chicago Blackhawks,2029,7,Own,0.14,
Chicago Blackhawks,2030,1,Own,68.02,
Chicago Blackhawks,2030,2,Own,5.71,
Chicago Blackhawks,2030,3,Own,2.05,
Chicago Blackhawks,2030,4,Own,0.98,
Chicago Blackhawks,2030,5,Own,0.54,
Chicago Blackhawks,2030,6,Own,0.29,
Chicago Blackhawks,2030,7,Own,0.14,
Chicago Blackhawks,2031,1,Own,68.02,
Chicago Blackhawks,2031,2,Own,5.71,
Chicago Blackhawks,2031,3,Own,2.05,
Chicago Blackhawks,2031,4,Own,0.98,
Chicago Blackhawks,2031,5,Own,0.54,
Chicago Blackhawks,2031,6,Own,0.29,
Chicago Blackhawks,2031,7,Own,0.14,
Colorado Avalanche,2027,1,Traded Away,14.49,Mar 5 2026 | Traded Away The Colorado Avalanche acquire Nicolas Roy from the Toronto Maple Leafs for a 2027 1st round pick and a 2026 5th round pick
Colorado Avalanche,2027,2,Acquired from Wild,5.71,"Jun 27 2025 The Columbus Blue Jackets acquired Charlie Coyle and Miles Wood from the Colorado Avalanche for Gavin Brindley, a 2025 3rd round pick (#77) and a 2027 2nd round pick"
Colorado Avalanche,2027,2,Traded Away,5.71,"Mar 6 2026 | Traded Away The Colorado Avalanche acquire Nazem Kadri (20% retained) and a 2027 4th round pick from the Calgary Flames for Victor Olofsson, Maxmilian Curran, a conditional 2028 1st round pick and a conditional 2027 2nd round pick."
Colorado Avalanche,2027,3,Acquired from Blue Jackets,2.05,"Jun 25 2026 The Columbus Blue Jackets acquire Valeri Nichushkin from the Colorado Avalanche for a 2026 2nd round pick (STL, #43), a 2027 3rd round pick and a 2028 5th round pick"
Colorado Avalanche,2027,3,Own,2.05,Dec 28 2024 The Colorado Avalanche acquired Juuso Parssinen and a 2026 7th round pick from the Nashville Predators for Ondrej Pavel and a 2027 3rd round pick
Colorado Avalanche,2027,4,Acquired from Flames,0.98,"Mar 6 2026 The Colorado Avalanche acquire Nazem Kadri (20% retained) and a 2027 4th round pick from the Calgary Flames for Victor Olofsson, Maxmilian Curran, a conditional 2028 1st round pick and a conditional 2027 2nd round pick."
Colorado Avalanche,2027,4,Own,0.98,
Colorado Avalanche,2027,5,Acquired from Sharks,0.54,"Dec 9 2024 The Colorado Avalanche acquired Mackenzie Blackwood, Givani Smith and a 2027 5th round pick from the San Jose Sharks for Alexandar Georgiev, Nikolai Kovalenko, a 2026 2nd round pick, and 2025 5th round pick"
Colorado Avalanche,2027,5,Traded Away,0.54,Mar 4 2026 | Traded Away The Colorado Avalanche acquire Nick Blankenburg from the Nashville Predators for a 2027 5th round pick.
Colorado Avalanche,2027,6,Own,0.29,
Colorado Avalanche,2027,7,Own,0.14,
Colorado Avalanche,2028,1,Traded Away,14.49,"Mar 6 2026 | Traded Away The Colorado Avalanche acquire Nazem Kadri (20% retained) and a 2027 4th round pick from the Calgary Flames for Victor Olofsson, Maxmilian Curran, a conditional 2028 1st round pick and a conditional 2027 2nd round pick."
Colorado Avalanche,2028,2,Traded Away,5.71,Feb 24 2026 | Traded Away The Pittsburgh Penguins acquired Samuel Girard and a 2028 2nd round pick from the Colorado Avalanche for Brett Kulak
Colorado Avalanche,2028,3,Own,2.05,"May 3 2025 The Colorado Avalanche acquired Brock Nelson and William Dufour from the New York Islanders for Calum Ritchie, Oliver Kylington, a conditional 2026 1st round pick, and a conditional 2028 3rd round pick."
Colorado Avalanche,2028,4,Own,0.98,
Colorado Avalanche,2028,5,Acquired from Blue Jackets,0.54,"Jun 25 2026 The Columbus Blue Jackets acquire Valeri Nichushkin from the Colorado Avalanche for a 2026 2nd round pick (STL, #43), a 2027 3rd round pick and a 2028 5th round pick"
Colorado Avalanche,2028,5,Own,0.54,
Colorado Avalanche,2028,6,Own,0.29,
Colorado Avalanche,2028,7,Own,0.14,
Colorado Avalanche,2029,1,Own,14.49,
Colorado Avalanche,2029,2,Own,5.71,
Colorado Avalanche,2029,3,Traded Away,2.05,"Jun 24 2026 | Traded Away The Nashville Predators acquire Jack Drury, Chase Bradley and a 2029 3rd round pick from the Colorado Avalanche for Fyodor Svechkov and Zachary L'Heureux"
Colorado Avalanche,2029,4,Own,0.98,
Colorado Avalanche,2029,5,Own,0.54,
Colorado Avalanche,2029,6,Own,0.29,
Colorado Avalanche,2029,7,Own,0.14,
Colorado Avalanche,2030,1,Own,14.49,
Colorado Avalanche,2030,2,Own,5.71,
Colorado Avalanche,2030,3,Own,2.05,
Colorado Avalanche,2030,4,Own,0.98,
Colorado Avalanche,2030,5,Own,0.54,
Colorado Avalanche,2030,6,Own,0.29,
Colorado Avalanche,2030,7,Own,0.14,
Colorado Avalanche,2031,1,Own,14.49,
Colorado Avalanche,2031,2,Own,5.71,
Colorado Avalanche,2031,3,Own,2.05,
Colorado Avalanche,2031,4,Own,0.98,
Colorado Avalanche,2031,5,Own,0.54,
Colorado Avalanche,2031,6,Own,0.29,
Colorado Avalanche,2031,7,Own,0.14,
Columbus Blue Jackets,2027,1,Own,31.29,
Columbus Blue Jackets,2027,2,Traded Away,5.71,Dec 19 2025 | Traded Away The Columbus Blue Jackets acquired Mason Marchment from the Seattle Kraken for a 2027 2nd round pick and a 2026 4th round pick
Columbus Blue Jackets,2027,3,Traded Away,2.05,"Jun 25 2026 | Traded Away The Columbus Blue Jackets acquire Valeri Nichushkin from the Colorado Avalanche for a 2026 2nd round pick (STL, #43), a 2027 3rd round pick and a 2028 5th round pick"
Columbus Blue Jackets,2027,3,Acquired from Capitals,2.05,"Dec 29 2025 The Pittsburgh Penguins acquired Yegor Chinakhov from the Columbus Blue Jackets for Danton Heinen, a 2026 2nd round pick and a 2027 3rd round pick"
Columbus Blue Jackets,2027,3,Acquired from Bruins,2.05,Mar 8 2024 The Boston Bruins acquired Andrew Peeke from the Columbus Blue Jackets for a 2027 3rd round pick and Jakub Zboril
Columbus Blue Jackets,2027,4,Own,0.98,
Columbus Blue Jackets,2027,5,Own,0.54,
Columbus Blue Jackets,2027,6,Own,0.29,
Columbus Blue Jackets,2027,7,Own,0.14,
Columbus Blue Jackets,2028,1,Own,31.29,
Columbus Blue Jackets,2028,2,Traded Away,5.71,Mar 5 2026 | Traded Away The Columbus Blue Jackets acquire Conor Garland from the Vancouver Canucks for a 2028 2nd round pick and a 2026 3rd round pick.
Columbus Blue Jackets,2028,3,Own,2.05,
Columbus Blue Jackets,2028,4,Own,0.98,
Columbus Blue Jackets,2028,5,Acquired from Sharks,0.54,"Jun 27 2026 The Washington Capitals acquire a 2026 4th round pick (TOR, #101) from the Columbus Blue Jackets for a 2026 4th round pick (#112) and a 2028 5th round pick (SJS)"
Columbus Blue Jackets,2028,5,Traded Away,0.54,"Jun 25 2026 | Traded Away The Columbus Blue Jackets acquire Valeri Nichushkin from the Colorado Avalanche for a 2026 2nd round pick (STL, #43), a 2027 3rd round pick and a 2028 5th round pick"
Columbus Blue Jackets,2028,6,Own,0.29,
Columbus Blue Jackets,2028,7,Own,0.14,
Columbus Blue Jackets,2029,1,Own,31.29,
Columbus Blue Jackets,2029,2,Own,5.71,
Columbus Blue Jackets,2029,3,Own,2.05,
Columbus Blue Jackets,2029,4,Own,0.98,
Columbus Blue Jackets,2029,5,Own,0.54,
Columbus Blue Jackets,2029,6,Own,0.29,
Columbus Blue Jackets,2029,7,Own,0.14,
Columbus Blue Jackets,2030,1,Own,31.29,
Columbus Blue Jackets,2030,2,Own,5.71,
Columbus Blue Jackets,2030,3,Own,2.05,
Columbus Blue Jackets,2030,4,Own,0.98,
Columbus Blue Jackets,2030,5,Own,0.54,
Columbus Blue Jackets,2030,6,Own,0.29,
Columbus Blue Jackets,2030,7,Own,0.14,
Columbus Blue Jackets,2031,1,Own,31.29,
Columbus Blue Jackets,2031,2,Own,5.71,
Columbus Blue Jackets,2031,3,Own,2.05,
Columbus Blue Jackets,2031,4,Own,0.98,
Columbus Blue Jackets,2031,5,Own,0.54,
Columbus Blue Jackets,2031,6,Own,0.29,
Columbus Blue Jackets,2031,7,Own,0.14,
Dallas Stars,2027,1,Own,14.49,
Dallas Stars,2027,2,Acquired from Predators,5.71,Jul 1 2026 The Nashville Predators acquire Mavrik Bourque and Ilya Lyubushkin from the Dallas Stars for a 2027 2nd round pick and a 2028 3rd round pick (VGK)
Dallas Stars,2027,2,Traded Away,5.71,Mar 4 2026 | Traded Away The Dallas Stars acquire Tyler Myers (50% retained) from the Vancouver Canucks for a 2027 2nd round pick and a 2029 4th round pick.
Dallas Stars,2027,3,Traded Away,2.05,"Mar 7 2025 | Traded Away The Dallas Stars acquired Mikko Rantanen from the Carolina Hurricanes for Logan Stankoven, a conditional 2026 1st round pick, a conditional 2028 1st round pick, a 2026 3rd round pick, a 2027 3rd round pick"
Dallas Stars,2027,4,Own,0.98,
Dallas Stars,2027,5,Own,0.54,
Dallas Stars,2027,6,Own,0.29,
Dallas Stars,2027,7,Own,0.14,
Dallas Stars,2028,1,Traded Away,14.49,"Mar 7 2025 | Traded Away The Dallas Stars acquired Mikko Rantanen from the Carolina Hurricanes for Logan Stankoven, a conditional 2026 1st round pick, a conditional 2028 1st round pick, a 2026 3rd round pick, a 2027 3rd round pick"
Dallas Stars,2028,2,Traded Away,5.71,Jul 10 2025 | Traded Away The Pittsburgh Penguins acquired Matt Dumba and a 2028 2nd round pick from the Dallas Stars for Vladislav Kolyachonok
Dallas Stars,2028,3,Own,2.05,
Dallas Stars,2028,3,Acquired from Golden Knights,2.05,Jul 1 2026 The Nashville Predators acquire Mavrik Bourque and Ilya Lyubushkin from the Dallas Stars for a 2027 2nd round pick and a 2028 3rd round pick (VGK)
Dallas Stars,2028,4,Own,0.98,
Dallas Stars,2028,5,Own,0.54,
Dallas Stars,2028,6,Own,0.29,
Dallas Stars,2028,7,Own,0.14,
Dallas Stars,2029,1,Own,14.49,
Dallas Stars,2029,2,Own,5.71,
Dallas Stars,2029,3,Own,2.05,
Dallas Stars,2029,4,Traded Away,0.98,Mar 4 2026 | Traded Away The Dallas Stars acquire Tyler Myers (50% retained) from the Vancouver Canucks for a 2027 2nd round pick and a 2029 4th round pick.
Dallas Stars,2029,5,Own,0.54,
Dallas Stars,2029,6,Own,0.29,
Dallas Stars,2029,7,Own,0.14,
Dallas Stars,2030,1,Own,14.49,
Dallas Stars,2030,2,Own,5.71,
Dallas Stars,2030,3,Own,2.05,
Dallas Stars,2030,4,Own,0.98,
Dallas Stars,2030,5,Own,0.54,
Dallas Stars,2030,6,Own,0.29,
Dallas Stars,2030,7,Own,0.14,
Dallas Stars,2031,1,Own,14.49,
Dallas Stars,2031,2,Own,5.71,
Dallas Stars,2031,3,Own,2.05,
Dallas Stars,2031,4,Own,0.98,
Dallas Stars,2031,5,Own,0.54,
Dallas Stars,2031,6,Own,0.29,
Dallas Stars,2031,7,Own,0.14,
Detroit Red Wings,2027,1,Own,31.29,
Detroit Red Wings,2027,2,Traded Away,5.71,"Jun 28 2025 | Traded Away The Detroit Red Wings acquired John Gibson from the Anaheim Ducks for Petr Mrazek, a 2027 2nd round pick, and a 2026 4th round pick"
Detroit Red Wings,2027,3,Own,2.05,
Detroit Red Wings,2027,4,Own,0.98,
Detroit Red Wings,2027,5,Own,0.54,
Detroit Red Wings,2027,6,Own,0.29,
Detroit Red Wings,2027,7,Traded Away,0.14,Jul 1 2026 | Traded Away The Detroit Red Wings acquire Keegan Kolesar from the Vegas Golden Knights for a 2029 3rd round pick and a 2027 7th round pick
Detroit Red Wings,2027,7,Acquired from Golden Knights,0.14,Jun 27 2026 The Vegas Golden Knights acquire a 2026 7th round pick (#207) from the Detroit Red Wings for a 2027 7th round pick
Detroit Red Wings,2028,1,Own,31.29,
Detroit Red Wings,2028,2,Own,5.71,
Detroit Red Wings,2028,3,Own,2.05,
Detroit Red Wings,2028,4,Own,0.98,
Detroit Red Wings,2028,5,Own,0.54,
Detroit Red Wings,2028,6,Own,0.29,
Detroit Red Wings,2028,7,Own,0.14,
Detroit Red Wings,2029,1,Own,31.29,
Detroit Red Wings,2029,2,Own,5.71,
Detroit Red Wings,2029,3,Traded Away,2.05,Jul 1 2026 | Traded Away The Detroit Red Wings acquire Keegan Kolesar from the Vegas Golden Knights for a 2029 3rd round pick and a 2027 7th round pick
Detroit Red Wings,2029,4,Own,0.98,
Detroit Red Wings,2029,5,Own,0.54,
Detroit Red Wings,2029,6,Own,0.29,
Detroit Red Wings,2029,7,Own,0.14,
Detroit Red Wings,2030,1,Own,31.29,
Detroit Red Wings,2030,2,Own,5.71,
Detroit Red Wings,2030,3,Own,2.05,
Detroit Red Wings,2030,4,Own,0.98,
Detroit Red Wings,2030,5,Own,0.54,
Detroit Red Wings,2030,6,Own,0.29,
Detroit Red Wings,2030,7,Own,0.14,
Detroit Red Wings,2031,1,Own,31.29,
Detroit Red Wings,2031,2,Own,5.71,
Detroit Red Wings,2031,3,Own,2.05,
Detroit Red Wings,2031,4,Own,0.98,
Detroit Red Wings,2031,5,Own,0.54,
Detroit Red Wings,2031,6,Own,0.29,
Detroit Red Wings,2031,7,Own,0.14,
Edmonton Oilers,2027,1,Traded Away,14.49,Mar 4 2026 | Traded Away The Edmonton Oilers acquire Jason Dickinson (50% retained) and Colton Dach from the Chicago Blackhawks for Andrew Mangiapane and a conditional 2027 1st round pick.
Edmonton Oilers,2027,2,Own,5.71,
Edmonton Oilers,2027,3,Traded Away,2.05,Dec 12 2025 | Traded Away The Edmonton Oilers acquired Spencer Stastney from the Nashville Predators for a 2027 3rd round pick
Edmonton Oilers,2027,4,Traded Away,0.98,Mar 7 2024 | Traded Away The Edmonton Oilers acquired Troy Stecher and a 2024 7th round pick from the Arizona Coyotes for a 2027 4th round pick
Edmonton Oilers,2027,5,Own,0.54,
Edmonton Oilers,2027,5,Acquired from Bruins,0.54,Jul 1 2025 The Boston Bruins acquired Viktor Arvidsson from the Edmonton Oilers for a 2027 5th round pick
Edmonton Oilers,2027,6,Own,0.29,
Edmonton Oilers,2027,7,Own,0.14,
Edmonton Oilers,2028,1,Own,14.49,
Edmonton Oilers,2028,2,Traded Away,5.71,Mar 2 2026 | Traded Away The Edmonton Oilers acquire Connor Murphy (50% retained) from the Chicago Blackhawks for a 2028 2nd round pick.
Edmonton Oilers,2028,3,Acquired from Blues,2.05,Aug 20 2024 The Edmonton Oilers acquired Paul Fischer and a 2028 3rd round pick from the St. Louis Blues for future considerations
Edmonton Oilers,2028,3,Traded Away,2.05,Jul 1 2026 | Traded Away The Edmonton Oilers acquire Devon Levi and a 2028 7th round pick from the Buffalo Sabres for a 2028 3rd round pick
Edmonton Oilers,2028,4,Own,0.98,
Edmonton Oilers,2028,5,Own,0.54,
Edmonton Oilers,2028,6,Own,0.29,
Edmonton Oilers,2028,7,Own,0.14,
Edmonton Oilers,2028,7,Acquired from Sabres,0.14,Jul 1 2026 The Edmonton Oilers acquire Devon Levi and a 2028 7th round pick from the Buffalo Sabres for a 2028 3rd round pick
Edmonton Oilers,2029,1,Own,14.49,
Edmonton Oilers,2029,2,Traded Away,5.71,"Dec 12 2025 | Traded Away The Edmonton Oilers acquired Tristan Jarry and Samuel Poulin from the Pittsburgh Penguins for Stuart Skinner, Brett Kulak, and a 2029 2nd round pick"
Edmonton Oilers,2029,3,Own,2.05,
Edmonton Oilers,2029,4,Own,0.98,
Edmonton Oilers,2029,5,Own,0.54,
Edmonton Oilers,2029,6,Own,0.29,
Edmonton Oilers,2029,7,Own,0.14,
Edmonton Oilers,2030,1,Own,14.49,
Edmonton Oilers,2030,2,Own,5.71,
Edmonton Oilers,2030,3,Own,2.05,
Edmonton Oilers,2030,4,Own,0.98,
Edmonton Oilers,2030,5,Own,0.54,
Edmonton Oilers,2030,6,Own,0.29,
Edmonton Oilers,2030,7,Own,0.14,
Edmonton Oilers,2031,1,Own,14.49,
Edmonton Oilers,2031,2,Own,5.71,
Edmonton Oilers,2031,3,Own,2.05,
Edmonton Oilers,2031,4,Own,0.98,
Edmonton Oilers,2031,5,Own,0.54,
Edmonton Oilers,2031,6,Own,0.29,
Edmonton Oilers,2031,7,Own,0.14,
Florida Panthers,2027,1,Traded Away,31.29,Mar 1 2025 | Traded Away The Florida Panthers acquired Seth Jones and a 2026 4th round pick from the Chicago Blackhawks for Spencer Knight and a 2026 conditional 1st round pick (top 10 protected)
Florida Panthers,2027,2,Acquired from Jets,5.71,"Jun 21 2026 The Seattle Kraken acquire Mackie Samoskevich from the Florida Panthers for a 2026 1st round pick (TBL, #25) and a conditional 2027 2nd round pick"
Florida Panthers,2027,2,Traded Away,5.71,"Jun 21 2026 | Traded Away The Florida Panthers acquire Brady Tkachuk from the Ottawa Senators for a 2026 1st round pick (#9), a 2026 1st round pick (TBL, #25), a conditional 2029 1st round pick and a 2027 2nd round pick"
Florida Panthers,2027,3,Own,2.05,
Florida Panthers,2027,4,Traded Away,0.98,Jun 25 2026 | Traded Away The Florida Panthers acquire Garnet Hathaway (50% retained) and a 2026 6th round pick (#181) from the Philadelphia Flyers for a 2026 5th round pick (#136) and a 2027 4th round pick
Florida Panthers,2027,5,Own,0.54,
Florida Panthers,2027,6,Own,0.29,
Florida Panthers,2027,6,Acquired from Capitals,0.29,Jun 26 2025 The Washington Capitals acquired Justin Sourdif from the Florida Panthers for 2026 2nd Round Pick & 2027 6th Round Pick
Florida Panthers,2027,7,Own,0.14,
Florida Panthers,2027,7,Acquired from Sharks,0.14,Mar 6 2025 The Florida Panthers acquired Nico Sturm and a 2027 7th round pick from the San Jose Sharks for a 2026 4th round pick
Florida Panthers,2028,1,Traded Away,31.29,Mar 7 2025 | Traded Away The Florida Panthers acquired Brad Marchand from the Boston Bruins for a conditional 2027 2nd round pick
Florida Panthers,2028,2,Own,5.71,
Florida Panthers,2028,3,Traded Away,2.05,Jun 29 2026 | Traded Away The Florida Panthers acquire Akira Schmid from the Vegas Golden Knights for a 2028 3rd round pick
Florida Panthers,2028,4,Own,0.98,
Florida Panthers,2028,5,Own,0.54,
Florida Panthers,2028,6,Own,0.29,
Florida Panthers,2028,7,Own,0.14,
Florida Panthers,2029,1,Traded Away,31.29,"Jun 21 2026 | Traded Away The Florida Panthers acquire Brady Tkachuk from the Ottawa Senators for a 2026 1st round pick (#9), a 2026 1st round pick (TBL, #25), a conditional 2029 1st round pick and a 2027 2nd round pick"
Florida Panthers,2029,2,Own,5.71,
Florida Panthers,2029,3,Own,2.05,
Florida Panthers,2029,4,Own,0.98,
Florida Panthers,2029,5,Own,0.54,
Florida Panthers,2029,6,Own,0.29,
Florida Panthers,2029,7,Own,0.14,
Florida Panthers,2030,1,Own,31.29,
Florida Panthers,2030,2,Own,5.71,
Florida Panthers,2030,3,Own,2.05,
Florida Panthers,2030,4,Own,0.98,
Florida Panthers,2030,5,Own,0.54,
Florida Panthers,2030,6,Own,0.29,
Florida Panthers,2030,7,Own,0.14,
Florida Panthers,2031,1,Own,31.29,
Florida Panthers,2031,2,Own,5.71,
Florida Panthers,2031,3,Own,2.05,
Florida Panthers,2031,4,Own,0.98,
Florida Panthers,2031,5,Own,0.54,
Florida Panthers,2031,6,Own,0.29,
Florida Panthers,2031,7,Own,0.14,
Los Angeles Kings,2027,1,Own,14.49,
Los Angeles Kings,2027,2,Own,5.71,
Los Angeles Kings,2027,3,Traded Away,2.05,Mar 7 2025 | Traded Away The Los Angeles Kings acquired Andrei Kuzmenko and a 2025 7th round pick from the Philadelphia Flyers for a 2027 3rd round pick
Los Angeles Kings,2027,4,Own,0.98,
Los Angeles Kings,2027,5,Own,0.54,
Los Angeles Kings,2027,6,Own,0.29,
Los Angeles Kings,2027,7,Traded Away,0.14,"Jun 27 2026 | Traded Away The Los Angeles Kings acquire a 2026 7th round pick (VGK, #223) from the Montreal Canadiens for a 2027 7th round pick"
Los Angeles Kings,2028,1,Own,14.49,
Los Angeles Kings,2028,2,Own,5.71,
Los Angeles Kings,2028,2,Acquired from Lightning,5.71,Mar 6 2026 The Tampa Bay Lightning acquire Corey Perry (50% retained) from the Los Angeles Kings for a 2028 2nd round pick.
Los Angeles Kings,2028,3,Own,2.05,
Los Angeles Kings,2028,4,Own,0.98,Feb 4 2026 The Los Angeles Kings acquired Artemi Panarin from the New York Rangers for Liam Greentree
Los Angeles Kings,2028,5,Own,0.54,
Los Angeles Kings,2028,6,Own,0.29,
Los Angeles Kings,2028,7,Own,0.14,
Los Angeles Kings,2029,1,Own,14.49,
Los Angeles Kings,2029,2,Own,5.71,
Los Angeles Kings,2029,3,Own,2.05,
Los Angeles Kings,2029,4,Own,0.98,
Los Angeles Kings,2029,5,Own,0.54,
Los Angeles Kings,2029,6,Own,0.29,
Los Angeles Kings,2029,7,Own,0.14,
Los Angeles Kings,2030,1,Own,14.49,
Los Angeles Kings,2030,2,Own,5.71,
Los Angeles Kings,2030,3,Own,2.05,
Los Angeles Kings,2030,4,Own,0.98,
Los Angeles Kings,2030,5,Own,0.54,
Los Angeles Kings,2030,6,Own,0.29,
Los Angeles Kings,2030,7,Own,0.14,
Los Angeles Kings,2031,1,Own,14.49,
Los Angeles Kings,2031,2,Own,5.71,
Los Angeles Kings,2031,3,Own,2.05,
Los Angeles Kings,2031,4,Own,0.98,
Los Angeles Kings,2031,5,Own,0.54,
Los Angeles Kings,2031,6,Own,0.29,
Los Angeles Kings,2031,7,Own,0.14,
Minnesota Wild,2027,1,Own,14.49,
Minnesota Wild,2027,2,Traded Away,5.71,"Nov 30 2024 | Traded Away The Minnesota Wild acquired David Jiricek and a 2025 5th round pick from the Columbus Blue Jackets for Daemon Hunt, a 2025 1st round pick, 2026 3rd round pick, 2026 4th round pick, and 2027 2nd round pick"
Minnesota Wild,2027,3,Traded Away,2.05,"Jul 2 2026 | Traded Away The Minnesota Wild acquire Blake Coleman (50% retained) and Olli Maatta from the Calgary Flames for Jacob Middleton, a 2029 2nd round pick, a 2027 3rd round pick and a 2028 4th round pick"
Minnesota Wild,2027,4,Own,0.98,
Minnesota Wild,2027,5,Own,0.54,
Minnesota Wild,2027,6,Own,0.29,
Minnesota Wild,2027,7,Own,0.14,
Minnesota Wild,2028,1,Own,14.49,
Minnesota Wild,2028,2,Traded Away,5.71,Mar 3 2026 | Traded Away The Minnesota Wild acquire Michael McCarron from the Nashville Predators for a 2028 2nd round pick.
Minnesota Wild,2028,3,Own,2.05,
Minnesota Wild,2028,4,Traded Away,0.98,"Jul 2 2026 | Traded Away The Minnesota Wild acquire Blake Coleman (50% retained) and Olli Maatta from the Calgary Flames for Jacob Middleton, a 2029 2nd round pick, a 2027 3rd round pick and a 2028 4th round pick"
Minnesota Wild,2028,5,Own,0.54,
Minnesota Wild,2028,6,Own,0.29,
Minnesota Wild,2028,7,Own,0.14,
Minnesota Wild,2029,1,Own,14.49,
Minnesota Wild,2029,2,Traded Away,5.71,"Jul 2 2026 | Traded Away The Minnesota Wild acquire Blake Coleman (50% retained) and Olli Maatta from the Calgary Flames for Jacob Middleton, a 2029 2nd round pick, a 2027 3rd round pick and a 2028 4th round pick"
Minnesota Wild,2029,3,Own,2.05,
Minnesota Wild,2029,4,Own,0.98,
Minnesota Wild,2029,5,Own,0.54,
Minnesota Wild,2029,6,Own,0.29,
Minnesota Wild,2029,7,Own,0.14,
Minnesota Wild,2030,1,Own,14.49,
Minnesota Wild,2030,2,Own,5.71,
Minnesota Wild,2030,3,Own,2.05,
Minnesota Wild,2030,4,Own,0.98,
Minnesota Wild,2030,5,Own,0.54,
Minnesota Wild,2030,6,Own,0.29,
Minnesota Wild,2030,7,Own,0.14,
Minnesota Wild,2031,1,Own,14.49,
Minnesota Wild,2031,2,Own,5.71,
Minnesota Wild,2031,3,Own,2.05,
Minnesota Wild,2031,4,Own,0.98,
Minnesota Wild,2031,5,Own,0.54,
Minnesota Wild,2031,6,Own,0.29,
Minnesota Wild,2031,7,Own,0.14,
Montreal Canadiens,2027,1,Own,14.49,
Montreal Canadiens,2027,2,Own,5.71,
Montreal Canadiens,2027,3,Traded Away,2.05,"Jun 26 2026 | Traded Away The Montreal Canadiens acquire a 2026 1st round pick (DAL, #26) from the Vegas Golden Knights for a 2026 1st round pick (#28) and a 2027 3rd round pick"
Montreal Canadiens,2027,4,Own,0.98,
Montreal Canadiens,2027,5,Own,0.54,
Montreal Canadiens,2027,6,Own,0.29,
Montreal Canadiens,2027,7,Acquired from Kings,0.14,"Jun 27 2026 The Los Angeles Kings acquire a 2026 7th round pick (VGK, #223) from the Montreal Canadiens for a 2027 7th round pick"
Montreal Canadiens,2027,7,Own,0.14,
Montreal Canadiens,2028,1,Own,14.49,
Montreal Canadiens,2028,2,Own,5.71,
Montreal Canadiens,2028,3,Own,2.05,
Montreal Canadiens,2028,4,Own,0.98,
Montreal Canadiens,2028,5,Own,0.54,
Montreal Canadiens,2028,6,Own,0.29,
Montreal Canadiens,2028,7,Own,0.14,
Montreal Canadiens,2029,1,Own,14.49,
Montreal Canadiens,2029,2,Own,5.71,
Montreal Canadiens,2029,3,Own,2.05,
Montreal Canadiens,2029,4,Own,0.98,
Montreal Canadiens,2029,5,Own,0.54,
Montreal Canadiens,2029,6,Own,0.29,
Montreal Canadiens,2029,7,Own,0.14,
Montreal Canadiens,2030,1,Own,14.49,
Montreal Canadiens,2030,2,Own,5.71,
Montreal Canadiens,2030,3,Own,2.05,
Montreal Canadiens,2030,4,Own,0.98,
Montreal Canadiens,2030,5,Own,0.54,
Montreal Canadiens,2030,6,Own,0.29,
Montreal Canadiens,2030,7,Own,0.14,
Montreal Canadiens,2031,1,Own,14.49,
Montreal Canadiens,2031,2,Own,5.71,
Montreal Canadiens,2031,3,Own,2.05,
Montreal Canadiens,2031,4,Own,0.98,
Montreal Canadiens,2031,5,Own,0.54,
Montreal Canadiens,2031,6,Own,0.29,
Montreal Canadiens,2031,7,Own,0.14,
Nashville Predators,2027,1,Own,31.29,
Nashville Predators,2027,2,Traded Away,5.71,Jul 1 2026 | Traded Away The Nashville Predators acquire Mavrik Bourque and Ilya Lyubushkin from the Dallas Stars for a 2027 2nd round pick and a 2028 3rd round pick (VGK)
Nashville Predators,2027,2,Acquired from Golden Knights,5.71,Jun 30 2025 The Nashville Predators acquired Nicolas Hague and a conditional 2027 3rd round pick from the Vegas Golden Knights for Colton Sissons and Jeremy Lauzon
Nashville Predators,2027,3,Own,2.05,
Nashville Predators,2027,3,Acquired from Oilers,2.05,Dec 12 2025 The Edmonton Oilers acquired Spencer Stastney from the Nashville Predators for a 2027 3rd round pick
Nashville Predators,2027,4,Acquired from Rangers,0.98,Nov 25 2024 The Pittsburgh Penguins acquired Philip Tomasino from the Nashville Predators for a 2027 4th round pick
Nashville Predators,2027,4,Own,0.98,
Nashville Predators,2027,5,Own,0.54,
Nashville Predators,2027,5,Acquired from Avalanche,0.54,Mar 4 2026 The Colorado Avalanche acquire Nick Blankenburg from the Nashville Predators for a 2027 5th round pick.
Nashville Predators,2027,6,Own,0.29,
Nashville Predators,2027,7,Own,0.14,
Nashville Predators,2028,1,Own,31.29,
Nashville Predators,2028,1,Acquired from Avalanche,14.49,Sep 1 2026 The New Jersey Devils acquire Luke Evangelista from the Nashville Predators for a conditional 2028 1st round pick (COL) and a 2028 2nd round pick
Nashville Predators,2028,2,Own,5.71,
Nashville Predators,2028,2,Acquired from Devils,5.71,Sep 1 2026 The New Jersey Devils acquire Luke Evangelista from the Nashville Predators for a conditional 2028 1st round pick (COL) and a 2028 2nd round pick
Nashville Predators,2028,2,Acquired from Wild,5.71,Mar 3 2026 The Minnesota Wild acquire Michael McCarron from the Nashville Predators for a 2028 2nd round pick.
Nashville Predators,2028,3,Own,2.05,
Nashville Predators,2028,4,Own,0.98,
Nashville Predators,2028,5,Own,0.54,
Nashville Predators,2028,5,Acquired from Penguins,0.54,"Jun 27 2026 The Pittsburgh Penguins acquire a 2026 5th round pick (CAR, #160) from the Nashville Predators for a 2028 5th round pick"
Nashville Predators,2028,6,Own,0.29,
Nashville Predators,2028,7,Own,0.14,
Nashville Predators,2029,1,Own,31.29,
Nashville Predators,2029,2,Own,5.71,
Nashville Predators,2029,3,Own,2.05,
Nashville Predators,2029,4,Own,0.98,
Nashville Predators,2029,5,Own,0.54,
Nashville Predators,2029,6,Own,0.29,
Nashville Predators,2029,7,Own,0.14,
Nashville Predators,2030,1,Own,31.29,
Nashville Predators,2030,2,Own,5.71,
Nashville Predators,2030,3,Own,2.05,
Nashville Predators,2030,4,Own,0.98,
Nashville Predators,2030,5,Own,0.54,
Nashville Predators,2030,6,Own,0.29,
Nashville Predators,2030,7,Own,0.14,
Nashville Predators,2031,1,Own,31.29,
Nashville Predators,2031,2,Own,5.71,
Nashville Predators,2031,3,Own,2.05,
Nashville Predators,2031,4,Own,0.98,
Nashville Predators,2031,5,Own,0.54,
Nashville Predators,2031,6,Own,0.29,
Nashville Predators,2031,7,Own,0.14,
New Jersey Devils,2027,1,Own,31.29,
New Jersey Devils,2027,1,Acquired from Golden Knights,14.49,"Jun 23 2026 The Calgary Flames acquire Simon Nemec and Maxim Tsyplakov from the New Jersey Devils for a conditional 2027 1st round pick (VGK), a conditional 2028 1st round pick (COL), a 2026 2nd round pick (NYR, #35) and Etienne Morin"
New Jersey Devils,2027,2,Own,5.71,
New Jersey Devils,2027,3,Traded Away,2.05,"Mar 7 2025 | Traded Away The New Jersey Devils acquired Cody Glass and Jonathan Gruden from the Pittsburgh Penguins for Chase Stillman, Max Graham, and a 2027 3rd round pick"
New Jersey Devils,2027,4,Traded Away,0.98,Jun 25 2026 | Traded Away The New Jersey Devils acquire Declan Chisholm from the Washington Capitals for a 2027 4th round pick
New Jersey Devils,2027,5,Own,0.54,
New Jersey Devils,2027,6,Traded Away,0.29,"Jan 27 2026 | Traded Away The New York Islanders acquired Ondrej Palat, a 2026 3rd round pick, and a 2027 6th round pick from the New Jersey Devils for Maxim Tsyplakov"
New Jersey Devils,2027,7,Own,0.14,
New Jersey Devils,2028,1,Own,31.29,
New Jersey Devils,2028,2,Traded Away,5.71,Sep 1 2026 | Traded Away The New Jersey Devils acquire Luke Evangelista from the Nashville Predators for a conditional 2028 1st round pick (COL) and a 2028 2nd round pick
New Jersey Devils,2028,3,Own,2.05,
New Jersey Devils,2028,4,Own,0.98,
New Jersey Devils,2028,5,Own,0.54,
New Jersey Devils,2028,6,Own,0.29,
New Jersey Devils,2028,7,Own,0.14,
New Jersey Devils,2029,1,Own,31.29,
New Jersey Devils,2029,2,Own,5.71,
New Jersey Devils,2029,3,Own,2.05,
New Jersey Devils,2029,4,Own,0.98,
New Jersey Devils,2029,5,Own,0.54,
New Jersey Devils,2029,6,Own,0.29,
New Jersey Devils,2029,7,Own,0.14,
New Jersey Devils,2030,1,Own,31.29,
New Jersey Devils,2030,2,Own,5.71,
New Jersey Devils,2030,3,Own,2.05,
New Jersey Devils,2030,4,Own,0.98,
New Jersey Devils,2030,5,Own,0.54,
New Jersey Devils,2030,6,Own,0.29,
New Jersey Devils,2030,7,Own,0.14,
New Jersey Devils,2031,1,Own,31.29,
New Jersey Devils,2031,2,Own,5.71,
New Jersey Devils,2031,3,Own,2.05,
New Jersey Devils,2031,4,Own,0.98,
New Jersey Devils,2031,5,Own,0.54,
New Jersey Devils,2031,6,Own,0.29,
New Jersey Devils,2031,7,Own,0.14,
New York Islanders,2027,1,Own,31.29,
New York Islanders,2027,2,Own,5.71,
New York Islanders,2027,3,Own,2.05,
New York Islanders,2027,4,Own,0.98,
New York Islanders,2027,5,Own,0.54,
New York Islanders,2027,6,Acquired from Devils,0.29,"Jan 27 2026 The New York Islanders acquired Ondrej Palat, a 2026 3rd round pick, and a 2027 6th round pick from the New Jersey Devils for Maxim Tsyplakov"
New York Islanders,2027,6,Own,0.29,
New York Islanders,2027,7,Own,0.14,
New York Islanders,2028,1,Own,31.29,
New York Islanders,2028,2,Own,5.71,
New York Islanders,2028,3,Own,2.05,
New York Islanders,2028,4,Own,0.98,
New York Islanders,2028,5,Own,0.54,
New York Islanders,2028,6,Own,0.29,
New York Islanders,2028,7,Own,0.14,
New York Islanders,2029,1,Own,31.29,
New York Islanders,2029,2,Own,5.71,
New York Islanders,2029,3,Own,2.05,
New York Islanders,2029,4,Own,0.98,
New York Islanders,2029,5,Own,0.54,
New York Islanders,2029,6,Own,0.29,
New York Islanders,2029,7,Own,0.14,
New York Islanders,2030,1,Own,31.29,
New York Islanders,2030,2,Own,5.71,
New York Islanders,2030,3,Own,2.05,
New York Islanders,2030,4,Own,0.98,
New York Islanders,2030,5,Own,0.54,
New York Islanders,2030,6,Own,0.29,
New York Islanders,2030,7,Own,0.14,
New York Islanders,2031,1,Own,31.29,
New York Islanders,2031,2,Own,5.71,
New York Islanders,2031,3,Own,2.05,
New York Islanders,2031,4,Own,0.98,
New York Islanders,2031,5,Own,0.54,
New York Islanders,2031,6,Own,0.29,
New York Islanders,2031,7,Own,0.14,
New York Rangers,2027,1,Own,68.02,
New York Rangers,2027,2,Traded Away,5.71,Jul 1 2024 | Traded Away The New York Rangers acquired Reilly Smith from the Pittsburgh Penguins for a 2027 2nd round pick and conditional 2025 5th round pick
New York Rangers,2027,2,Acquired from Bruins,5.71,Jul 1 2026 The Boston Bruins acquire William Borgen from the New York Rangers for a 2027 2nd round pick and a conditional 2028 3rd round pick
New York Rangers,2027,3,Own,2.05,
New York Rangers,2027,3,Acquired from Mammoth,2.05,"Jul 1 2026 The Utah Mammoth acquire Vincent Trocheck from the New York Rangers for Sean Durzi, Cole Beaudoin and a conditional 2027 3rd round pick"
New York Rangers,2027,4,Traded Away,0.98,Mar 8 2024 | Traded Away The New York Rangers acquired Chad Ruhwedel from the Pittsburgh Penguins for a 2027 4th round pick
New York Rangers,2027,5,Own,0.54,
New York Rangers,2027,6,Own,0.29,
New York Rangers,2027,7,Own,0.14,
New York Rangers,2028,1,Traded Away,68.02,"Jun 26 2026 | Traded Away The New York Rangers acquire Pavel Dorofeyev from the Vegas Golden Knights for a 2026 1st round pick (DAL, #26), a 2026 3rd round pick (BUF, #92) and a conditional 2028 1st round pick"
New York Rangers,2028,2,Own,5.71,
New York Rangers,2028,3,Own,2.05,
New York Rangers,2028,3,Acquired from Bruins,2.05,Jul 1 2026 The Boston Bruins acquire William Borgen from the New York Rangers for a 2027 2nd round pick and a conditional 2028 3rd round pick
New York Rangers,2028,4,Traded Away,0.98,Jul 1 2026 | Traded Away The New York Rangers acquire Joonas Korpisalo from the Boston Bruins for Kalle Väisänen and a 2028 4th round pick
New York Rangers,2028,5,Own,0.54,
New York Rangers,2028,6,Own,0.29,
New York Rangers,2028,7,Own,0.14,
New York Rangers,2029,1,Own,68.02,
New York Rangers,2029,2,Own,5.71,
New York Rangers,2029,3,Own,2.05,
New York Rangers,2029,4,Own,0.98,
New York Rangers,2029,5,Own,0.54,
New York Rangers,2029,6,Own,0.29,
New York Rangers,2029,7,Own,0.14,
New York Rangers,2030,1,Traded Away,68.02,Jul 1 2026 | Traded Away The New York Rangers acquire Marcus Pettersson from the Vancouver Canucks for a conditional 2030 1st round pick
New York Rangers,2030,2,Own,5.71,
New York Rangers,2030,3,Own,2.05,
New York Rangers,2030,4,Own,0.98,
New York Rangers,2030,5,Own,0.54,
New York Rangers,2030,6,Own,0.29,
New York Rangers,2030,7,Own,0.14,
New York Rangers,2031,1,Own,68.02,
New York Rangers,2031,2,Own,5.71,
New York Rangers,2031,3,Own,2.05,
New York Rangers,2031,4,Own,0.98,
New York Rangers,2031,5,Own,0.54,
New York Rangers,2031,6,Own,0.29,
New York Rangers,2031,7,Own,0.14,
Ottawa Senators,2027,1,Own,14.49,
Ottawa Senators,2027,2,Acquired from Panthers,5.71,"Jun 21 2026 The Florida Panthers acquire Brady Tkachuk from the Ottawa Senators for a 2026 1st round pick (#9), a 2026 1st round pick (TBL, #25), a conditional 2029 1st round pick and a 2027 2nd round pick"
Ottawa Senators,2027,2,Own,5.71,
Ottawa Senators,2027,3,Own,2.05,
Ottawa Senators,2027,4,Own,0.98,
Ottawa Senators,2027,5,Traded Away,0.54,Jun 26 2026 | Traded Away The Ottawa Senators acquire Samuel Ersson from the Toronto Maple Leafs for a 2027 5th round pick
Ottawa Senators,2027,6,Traded Away,0.29,Jun 26 2026 | Traded Away The Ottawa Senators acquire Andre Burakovsky from the Chicago Blackhawks for a 2027 6th round pick
Ottawa Senators,2027,7,Traded Away,0.14,Jun 28 2025 | Traded Away The Ottawa Senators acquired a 2025 3rd round pick (#93) from the Washington Capitals for a 2025 3rd round pick (#96) and a 2027 7th round pick
Ottawa Senators,2028,1,Own,14.49,
Ottawa Senators,2028,2,Own,5.71,
Ottawa Senators,2028,3,Own,2.05,
Ottawa Senators,2028,4,Own,0.98,
Ottawa Senators,2028,5,Own,0.54,
Ottawa Senators,2028,6,Own,0.29,
Ottawa Senators,2028,7,Own,0.14,
Ottawa Senators,2029,1,Acquired from Panthers,31.29,"Jun 21 2026 The Florida Panthers acquire Brady Tkachuk from the Ottawa Senators for a 2026 1st round pick (#9), a 2026 1st round pick (TBL, #25), a conditional 2029 1st round pick and a 2027 2nd round pick"
Ottawa Senators,2029,1,Own,14.49,
Ottawa Senators,2029,2,Own,5.71,
Ottawa Senators,2029,3,Own,2.05,
Ottawa Senators,2029,4,Own,0.98,
Ottawa Senators,2029,5,Own,0.54,
Ottawa Senators,2029,6,Own,0.29,
Ottawa Senators,2029,7,Own,0.14,
Ottawa Senators,2030,1,Own,14.49,
Ottawa Senators,2030,2,Own,5.71,
Ottawa Senators,2030,3,Own,2.05,
Ottawa Senators,2030,4,Own,0.98,
Ottawa Senators,2030,5,Own,0.54,
Ottawa Senators,2030,6,Own,0.29,
Ottawa Senators,2030,7,Own,0.14,
Ottawa Senators,2031,1,Own,14.49,
Ottawa Senators,2031,2,Own,5.71,
Ottawa Senators,2031,3,Own,2.05,
Ottawa Senators,2031,4,Own,0.98,
Ottawa Senators,2031,5,Own,0.54,
Ottawa Senators,2031,6,Own,0.29,
Ottawa Senators,2031,7,Own,0.14,
Philadelphia Flyers,2027,1,Own,14.49,
Philadelphia Flyers,2027,2,Own,5.71,
Philadelphia Flyers,2027,3,Acquired from Kings,2.05,Mar 7 2025 The Los Angeles Kings acquired Andrei Kuzmenko and a 2025 7th round pick from the Philadelphia Flyers for a 2027 3rd round pick
Philadelphia Flyers,2027,3,Own,2.05,
Philadelphia Flyers,2027,4,Acquired from Panthers,0.98,Jun 25 2026 The Florida Panthers acquire Garnet Hathaway (50% retained) and a 2026 6th round pick (#181) from the Philadelphia Flyers for a 2026 5th round pick (#136) and a 2027 4th round pick
Philadelphia Flyers,2027,4,Own,0.98,
Philadelphia Flyers,2027,5,Own,0.54,
Philadelphia Flyers,2027,6,Traded Away,0.29,"Mar 7 2025 | Traded Away The Toronto Maple Leafs acquired Scott Laughton, a 2025 4th round pick, a 2027 6th round pick from the Philadelphia Flyers for a 2027 1st round pick and Nikita Grebenkin"
Philadelphia Flyers,2027,7,Own,0.14,
Philadelphia Flyers,2028,1,Acquired from Maple Leafs,68.02,"Mar 7 2025 The Toronto Maple Leafs acquired Scott Laughton, a 2025 4th round pick, a 2027 6th round pick from the Philadelphia Flyers for a 2027 1st round pick and Nikita Grebenkin"
Philadelphia Flyers,2028,1,Own,14.49,
Philadelphia Flyers,2028,2,Own,5.71,
Philadelphia Flyers,2028,3,Own,2.05,
Philadelphia Flyers,2028,4,Own,0.98,
Philadelphia Flyers,2028,5,Own,0.54,
Philadelphia Flyers,2028,6,Own,0.29,
Philadelphia Flyers,2028,7,Acquired from Flames,0.14,"Jan 30 2025 The Calgary Flames acquired Joel Farabee and Morgan Frost from the Philadelphia Flyers for Andrei Kuzmenko, Jakob Pelletier, a 2025 2nd round pick, and 2028 7th round pick"
Philadelphia Flyers,2028,7,Own,0.14,
Philadelphia Flyers,2029,1,Own,14.49,
Philadelphia Flyers,2029,2,Own,5.71,
Philadelphia Flyers,2029,3,Own,2.05,
Philadelphia Flyers,2029,4,Own,0.98,
Philadelphia Flyers,2029,5,Own,0.54,
Philadelphia Flyers,2029,6,Own,0.29,
Philadelphia Flyers,2029,7,Own,0.14,
Philadelphia Flyers,2030,1,Own,14.49,
Philadelphia Flyers,2030,2,Own,5.71,
Philadelphia Flyers,2030,3,Own,2.05,
Philadelphia Flyers,2030,4,Own,0.98,
Philadelphia Flyers,2030,5,Own,0.54,
Philadelphia Flyers,2030,6,Own,0.29,
Philadelphia Flyers,2030,7,Own,0.14,
Philadelphia Flyers,2031,1,Own,14.49,
Philadelphia Flyers,2031,2,Own,5.71,
Philadelphia Flyers,2031,3,Own,2.05,
Philadelphia Flyers,2031,4,Own,0.98,
Philadelphia Flyers,2031,5,Own,0.54,
Philadelphia Flyers,2031,6,Own,0.29,
Philadelphia Flyers,2031,7,Own,0.14,
Pittsburgh Penguins,2027,1,Own,14.49,
Pittsburgh Penguins,2027,2,Acquired from Rangers,5.71,Jul 1 2024 The New York Rangers acquired Reilly Smith from the Pittsburgh Penguins for a 2027 2nd round pick and conditional 2025 5th round pick
Pittsburgh Penguins,2027,2,Own,5.71,
Pittsburgh Penguins,2027,3,Acquired from Devils,2.05,"Mar 7 2025 The New Jersey Devils acquired Cody Glass and Jonathan Gruden from the Pittsburgh Penguins for Chase Stillman, Max Graham, and a 2027 3rd round pick"
Pittsburgh Penguins,2027,3,Traded Away,2.05,Jun 25 2026 | Traded Away The Pittsburgh Penguins acquire Hendrix Lapierre from the Washington Capitals for a 2027 3rd round pick and a 2028 5th round pick (SJS)
Pittsburgh Penguins,2027,4,Traded Away,0.98,Jul 13 2025 | Traded Away The Pittsburgh Penguins acquired Arturs Silovs from the Vancouver Canucks for Chase Stillman and a 2027 4th round pick
Pittsburgh Penguins,2027,5,Own,0.54,
Pittsburgh Penguins,2027,6,Own,0.29,
Pittsburgh Penguins,2027,7,Own,0.14,
Pittsburgh Penguins,2028,1,Own,14.49,
Pittsburgh Penguins,2028,2,Own,5.71,
Pittsburgh Penguins,2028,2,Acquired from Stars,5.71,Jul 10 2025 The Pittsburgh Penguins acquired Matt Dumba and a 2028 2nd round pick from the Dallas Stars for Vladislav Kolyachonok
Pittsburgh Penguins,2028,2,Acquired from Avalanche,5.71,Feb 24 2026 The Pittsburgh Penguins acquired Samuel Girard and a 2028 2nd round pick from the Colorado Avalanche for Brett Kulak
Pittsburgh Penguins,2028,3,Acquired from Sharks,2.05,Jul 1 2025 The San Jose Sharks acquired Alex Nedeljkovic from the Pittsburgh Penguins for a 2028 3rd round pick
Pittsburgh Penguins,2028,3,Own,2.05,
Pittsburgh Penguins,2028,4,Traded Away,0.98,Jul 1 2026 | Traded Away The Pittsburgh Penguins acquire Nicholas Robertson from the Toronto Maple Leafs for a 2028 4th round pick
Pittsburgh Penguins,2028,5,Traded Away,0.54,"Jun 27 2026 | Traded Away The Pittsburgh Penguins acquire a 2026 5th round pick (CAR, #160) from the Nashville Predators for a 2028 5th round pick"
Pittsburgh Penguins,2028,6,Own,0.29,
Pittsburgh Penguins,2028,7,Own,0.14,
Pittsburgh Penguins,2029,1,Own,14.49,
Pittsburgh Penguins,2029,2,Acquired from Oilers,5.71,"Dec 12 2025 The Edmonton Oilers acquired Tristan Jarry and Samuel Poulin from the Pittsburgh Penguins for Stuart Skinner, Brett Kulak, and a 2029 2nd round pick"
Pittsburgh Penguins,2029,2,Own,5.71,
Pittsburgh Penguins,2029,3,Own,2.05,
Pittsburgh Penguins,2029,4,Own,0.98,
Pittsburgh Penguins,2029,5,Own,0.54,
Pittsburgh Penguins,2029,6,Own,0.29,
Pittsburgh Penguins,2029,7,Own,0.14,
Pittsburgh Penguins,2030,1,Own,14.49,
Pittsburgh Penguins,2030,2,Own,5.71,
Pittsburgh Penguins,2030,3,Own,2.05,
Pittsburgh Penguins,2030,4,Own,0.98,
Pittsburgh Penguins,2030,5,Own,0.54,
Pittsburgh Penguins,2030,6,Own,0.29,
Pittsburgh Penguins,2030,7,Own,0.14,
Pittsburgh Penguins,2031,1,Own,14.49,
Pittsburgh Penguins,2031,2,Own,5.71,
Pittsburgh Penguins,2031,3,Own,2.05,
Pittsburgh Penguins,2031,4,Own,0.98,
Pittsburgh Penguins,2031,5,Own,0.54,
Pittsburgh Penguins,2031,6,Own,0.29,
Pittsburgh Penguins,2031,7,Own,0.14,
San Jose Sharks,2027,1,Own,31.29,
San Jose Sharks,2027,2,Traded Away,5.71,"Jan 19 2026 | Traded Away The San Jose Sharks acquired Kiefer Sherwood from the Vancouver Canucks for a 2026 2nd round pick, a 2027 2nd round pick, and Cole Clayton"
San Jose Sharks,2027,3,Traded Away,2.05,"Mar 8 2024 | Traded Away The Vegas Golden Knights acquired Tomas Hertl, a 2025 3rd round pick, and 2027 3rd round pick from the San Jose Sharks for David Edstrom and 2025 1st round pick"
San Jose Sharks,2027,4,Own,0.98,
San Jose Sharks,2027,5,Acquired from Blackhawks,0.54,Jan 16 2026 The Carolina Hurricanes acquired Kyle Masters and a 2026 4th round pick from the San Jose Sharks for a 2027 5th round pick
San Jose Sharks,2027,5,Traded Away,0.54,"Dec 9 2024 | Traded Away The Colorado Avalanche acquired Mackenzie Blackwood, Givani Smith and a 2027 5th round pick from the San Jose Sharks for Alexandar Georgiev, Nikolai Kovalenko, a 2026 2nd round pick, and 2025 5th round pick"
San Jose Sharks,2027,6,Own,0.29,
San Jose Sharks,2027,7,Traded Away,0.14,Mar 6 2025 | Traded Away The Florida Panthers acquired Nico Sturm and a 2027 7th round pick from the San Jose Sharks for a 2026 4th round pick
San Jose Sharks,2028,1,Own,31.29,
San Jose Sharks,2028,2,Own,5.71,
San Jose Sharks,2028,3,Traded Away,2.05,Jul 1 2025 | Traded Away The San Jose Sharks acquired Alex Nedeljkovic from the Pittsburgh Penguins for a 2028 3rd round pick
San Jose Sharks,2028,4,Traded Away,0.98,"Jan 8 2026 | Traded Away The San Jose Sharks acquired Laurent Brossoit, Nolan Allan and a 2028 7th round pick from the Chicago Blackhawks for Ryan Ellis, Jake Furlong and a 2028 4th round pick"
San Jose Sharks,2028,5,Traded Away,0.54,Mar 5 2025 | Traded Away The San Jose Sharks acquired Vincent Desharnais from the Pittsburgh Penguins for a 2028 5th round pick
San Jose Sharks,2028,6,Own,0.29,
San Jose Sharks,2028,7,Acquired from Blackhawks,0.14,"Jan 8 2026 The San Jose Sharks acquired Laurent Brossoit, Nolan Allan and a 2028 7th round pick from the Chicago Blackhawks for Ryan Ellis, Jake Furlong and a 2028 4th round pick"
San Jose Sharks,2028,7,Own,0.14,
San Jose Sharks,2029,1,Own,31.29,
San Jose Sharks,2029,2,Own,5.71,
San Jose Sharks,2029,3,Own,2.05,
San Jose Sharks,2029,4,Own,0.98,
San Jose Sharks,2029,5,Own,0.54,
San Jose Sharks,2029,6,Own,0.29,
San Jose Sharks,2029,7,Own,0.14,
San Jose Sharks,2030,1,Own,31.29,
San Jose Sharks,2030,2,Own,5.71,
San Jose Sharks,2030,3,Own,2.05,
San Jose Sharks,2030,4,Own,0.98,
San Jose Sharks,2030,5,Own,0.54,
San Jose Sharks,2030,6,Own,0.29,
San Jose Sharks,2030,7,Own,0.14,
San Jose Sharks,2031,1,Own,31.29,
San Jose Sharks,2031,2,Own,5.71,
San Jose Sharks,2031,3,Own,2.05,
San Jose Sharks,2031,4,Own,0.98,
San Jose Sharks,2031,5,Own,0.54,
San Jose Sharks,2031,6,Own,0.29,
San Jose Sharks,2031,7,Own,0.14,
Seattle Kraken,2027,1,Own,31.29,
Seattle Kraken,2027,1,Acquired from Lightning,14.49,"Mar 5 2025 The Tampa Bay Lightning acquired Oliver Bjorkstrand, a 2026 5th round pick, and Kyle Aucoin from the Seattle Kraken for Michael Eyssimont, a 2025 2nd round pick, a 2026 1st round pick, and a 2027 1st round pick in a three-team trade with DET"
Seattle Kraken,2027,2,Own,5.71,
Seattle Kraken,2027,3,Own,2.05,
Seattle Kraken,2027,4,Own,0.98,
Seattle Kraken,2027,5,Own,0.54,
Seattle Kraken,2027,6,Own,0.29,
Seattle Kraken,2027,7,Own,0.14,
Seattle Kraken,2028,1,Own,31.29,
Seattle Kraken,2028,2,Own,5.71,
Seattle Kraken,2028,3,Own,2.05,
Seattle Kraken,2028,4,Own,0.98,
Seattle Kraken,2028,5,Own,0.54,
Seattle Kraken,2028,6,Own,0.29,
Seattle Kraken,2028,7,Own,0.14,
Seattle Kraken,2029,1,Own,31.29,
Seattle Kraken,2029,2,Own,5.71,
Seattle Kraken,2029,3,Own,2.05,
Seattle Kraken,2029,4,Own,0.98,
Seattle Kraken,2029,5,Own,0.54,
Seattle Kraken,2029,6,Own,0.29,
Seattle Kraken,2029,7,Own,0.14,
Seattle Kraken,2030,1,Own,31.29,
Seattle Kraken,2030,2,Own,5.71,
Seattle Kraken,2030,3,Own,2.05,
Seattle Kraken,2030,4,Own,0.98,
Seattle Kraken,2030,5,Own,0.54,
Seattle Kraken,2030,6,Own,0.29,
Seattle Kraken,2030,7,Own,0.14,
Seattle Kraken,2031,1,Own,31.29,
Seattle Kraken,2031,2,Own,5.71,
Seattle Kraken,2031,3,Own,2.05,
Seattle Kraken,2031,4,Own,0.98,
Seattle Kraken,2031,5,Own,0.54,
Seattle Kraken,2031,6,Own,0.29,
Seattle Kraken,2031,7,Own,0.14,
St. Louis Blues,2027,1,Own,31.29,
St. Louis Blues,2027,2,Traded Away,5.71,Dec 14 2024 | Traded Away The St. Louis Blues acquired Cam Fowler and a 4th round pick from the Anaheim Ducks for a 2nd round pick and Jeremie Biakabutuka
St. Louis Blues,2027,3,Own,2.05,
St. Louis Blues,2027,4,Own,0.98,
St. Louis Blues,2027,4,Acquired from Ducks,0.98,Dec 14 2024 The St. Louis Blues acquired Cam Fowler and a 4th round pick from the Anaheim Ducks for a 2nd round pick and Jeremie Biakabutuka
St. Louis Blues,2027,5,Own,0.54,
St. Louis Blues,2027,6,Own,0.29,
St. Louis Blues,2027,7,Own,0.14,
St. Louis Blues,2028,1,Own,31.29,
St. Louis Blues,2028,2,Own,5.71,
St. Louis Blues,2028,3,Traded Away,2.05,Aug 20 2024 | Traded Away The Edmonton Oilers acquired Paul Fischer and a 2028 3rd round pick from the St. Louis Blues for future considerations
St. Louis Blues,2028,4,Own,0.98,
St. Louis Blues,2028,5,Own,0.54,
St. Louis Blues,2028,6,Own,0.29,
St. Louis Blues,2028,7,Own,0.14,
St. Louis Blues,2029,1,Own,31.29,
St. Louis Blues,2029,2,Own,5.71,
St. Louis Blues,2029,3,Own,2.05,
St. Louis Blues,2029,4,Own,0.98,
St. Louis Blues,2029,5,Own,0.54,
St. Louis Blues,2029,6,Own,0.29,
St. Louis Blues,2029,7,Own,0.14,
St. Louis Blues,2030,1,Own,31.29,
St. Louis Blues,2030,2,Own,5.71,
St. Louis Blues,2030,3,Own,2.05,
St. Louis Blues,2030,4,Own,0.98,
St. Louis Blues,2030,5,Own,0.54,
St. Louis Blues,2030,6,Own,0.29,
St. Louis Blues,2030,7,Own,0.14,
St. Louis Blues,2031,1,Own,31.29,
St. Louis Blues,2031,2,Own,5.71,
St. Louis Blues,2031,3,Own,2.05,
St. Louis Blues,2031,4,Own,0.98,
St. Louis Blues,2031,5,Own,0.54,
St. Louis Blues,2031,6,Own,0.29,
St. Louis Blues,2031,7,Own,0.14,
Tampa Bay Lightning,2027,1,Traded Away,14.49,"Mar 5 2025 | Traded Away The Tampa Bay Lightning acquired Oliver Bjorkstrand, a 2026 5th round pick, and Kyle Aucoin from the Seattle Kraken for Michael Eyssimont, a 2025 2nd round pick, a 2026 1st round pick, and a 2027 1st round pick in a three-team trade with DET"
Tampa Bay Lightning,2027,2,Own,5.71,
Tampa Bay Lightning,2027,3,Traded Away,2.05,Jun 1 2026 | Traded Away The Tampa Bay Lightning acquire Jack Pridham from the Chicago Blackhawks for a 2027 3rd round pick
Tampa Bay Lightning,2027,4,Acquired from Maple Leafs,0.98,"Jul 1 2026 The Toronto Maple Leafs acquire Nick Paul from the Tampa Bay Lightning for Dennis Hildeby, a 2028 3rd round pick and a 2027 4th round pick"
Tampa Bay Lightning,2027,4,Own,0.98,
Tampa Bay Lightning,2027,5,Traded Away,0.54,Mar 8 2024 | Traded Away The Tampa Bay Lightning acquired Matt Dumba and a 2025 7th round pick from the Arizona Coyotes for a 2027 5th round pick
Tampa Bay Lightning,2027,6,Own,0.29,
Tampa Bay Lightning,2027,7,Own,0.14,
Tampa Bay Lightning,2028,1,Own,14.49,
Tampa Bay Lightning,2028,2,Traded Away,5.71,Mar 6 2026 | Traded Away The Tampa Bay Lightning acquire Corey Perry (50% retained) from the Los Angeles Kings for a 2028 2nd round pick.
Tampa Bay Lightning,2028,3,Acquired from Maple Leafs,2.05,"Jul 1 2026 The Toronto Maple Leafs acquire Nick Paul from the Tampa Bay Lightning for Dennis Hildeby, a 2028 3rd round pick and a 2027 4th round pick"
Tampa Bay Lightning,2028,3,Own,2.05,
Tampa Bay Lightning,2028,4,Own,0.98,
Tampa Bay Lightning,2028,5,Own,0.54,
Tampa Bay Lightning,2028,6,Own,0.29,
Tampa Bay Lightning,2028,7,Own,0.14,
Tampa Bay Lightning,2029,1,Own,14.49,
Tampa Bay Lightning,2029,2,Own,5.71,
Tampa Bay Lightning,2029,3,Own,2.05,
Tampa Bay Lightning,2029,4,Own,0.98,
Tampa Bay Lightning,2029,5,Own,0.54,
Tampa Bay Lightning,2029,6,Own,0.29,
Tampa Bay Lightning,2029,7,Own,0.14,
Tampa Bay Lightning,2030,1,Own,14.49,
Tampa Bay Lightning,2030,2,Own,5.71,
Tampa Bay Lightning,2030,3,Own,2.05,
Tampa Bay Lightning,2030,4,Own,0.98,
Tampa Bay Lightning,2030,5,Own,0.54,
Tampa Bay Lightning,2030,6,Own,0.29,
Tampa Bay Lightning,2030,7,Own,0.14,
Tampa Bay Lightning,2031,1,Own,14.49,
Tampa Bay Lightning,2031,2,Own,5.71,
Tampa Bay Lightning,2031,3,Own,2.05,
Tampa Bay Lightning,2031,4,Own,0.98,
Tampa Bay Lightning,2031,5,Own,0.54,
Tampa Bay Lightning,2031,6,Own,0.29,
Tampa Bay Lightning,2031,7,Own,0.14,
Toronto Maple Leafs,2027,1,Traded Away,68.02,"Mar 7 2025 | Traded Away The Toronto Maple Leafs acquired Brandon Carlo from the Boston Bruins for Fraser Minten, a 2026 1st round pick and a 2025 4th round pick"
Toronto Maple Leafs,2027,1,Acquired from Avalanche,14.49,Mar 5 2026 The Colorado Avalanche acquire Nicolas Roy from the Toronto Maple Leafs for a 2027 1st round pick and a 2026 5th round pick
Toronto Maple Leafs,2027,2,Own,5.71,
Toronto Maple Leafs,2027,2,Acquired from Blue Jackets,5.71,Mar 6 2026 The Seattle Kraken acquire Bobby McMann from the Toronto Maple Leafs for a conditional 2027 2nd round pick (CBJ) and a 2026 4th round pick (ANA).
Toronto Maple Leafs,2027,3,Traded Away,2.05,Jun 30 2025 | Traded Away The Toronto Maple Leafs acquired Matias Maccelli from the Utah Mammoth for a conditional 2027 3rd round pick
Toronto Maple Leafs,2027,4,Traded Away,0.98,"Jul 1 2026 | Traded Away The Toronto Maple Leafs acquire Nick Paul from the Tampa Bay Lightning for Dennis Hildeby, a 2028 3rd round pick and a 2027 4th round pick"
Toronto Maple Leafs,2027,5,Own,0.54,
Toronto Maple Leafs,2027,6,Own,0.29,
Toronto Maple Leafs,2027,6,Acquired from Flyers,0.29,"Mar 7 2025 The Toronto Maple Leafs acquired Scott Laughton, a 2025 4th round pick, a 2027 6th round pick from the Philadelphia Flyers for a 2027 1st round pick and Nikita Grebenkin"
Toronto Maple Leafs,2027,7,Own,0.14,
Toronto Maple Leafs,2028,1,Traded Away,68.02,"Mar 7 2025 | Traded Away The Toronto Maple Leafs acquired Scott Laughton, a 2025 4th round pick, a 2027 6th round pick from the Philadelphia Flyers for a 2027 1st round pick and Nikita Grebenkin"
Toronto Maple Leafs,2028,2,Own,5.71,
Toronto Maple Leafs,2028,3,Traded Away,2.05,"Jul 1 2026 | Traded Away The Toronto Maple Leafs acquire Nick Paul from the Tampa Bay Lightning for Dennis Hildeby, a 2028 3rd round pick and a 2027 4th round pick"
Toronto Maple Leafs,2028,4,Traded Away,0.98,Jul 17 2025 | Traded Away The Toronto Maple Leafs acquired Dakota Joshua from the Vancouver Canucks for a 2028 4th round pick
Toronto Maple Leafs,2028,4,Acquired from Penguins,0.98,Jul 1 2026 The Pittsburgh Penguins acquire Nicholas Robertson from the Toronto Maple Leafs for a 2028 4th round pick
Toronto Maple Leafs,2028,5,Own,0.54,
Toronto Maple Leafs,2028,6,Own,0.29,
Toronto Maple Leafs,2028,7,Own,0.14,
Toronto Maple Leafs,2029,1,Own,68.02,
Toronto Maple Leafs,2029,2,Own,5.71,
Toronto Maple Leafs,2029,3,Own,2.05,
Toronto Maple Leafs,2029,4,Own,0.98,
Toronto Maple Leafs,2029,5,Own,0.54,
Toronto Maple Leafs,2029,6,Own,0.29,
Toronto Maple Leafs,2029,7,Own,0.14,
Toronto Maple Leafs,2030,1,Own,68.02,
Toronto Maple Leafs,2030,2,Own,5.71,
Toronto Maple Leafs,2030,3,Own,2.05,
Toronto Maple Leafs,2030,4,Own,0.98,
Toronto Maple Leafs,2030,5,Own,0.54,
Toronto Maple Leafs,2030,6,Own,0.29,
Toronto Maple Leafs,2030,7,Own,0.14,
Toronto Maple Leafs,2031,1,Own,68.02,
Toronto Maple Leafs,2031,2,Own,5.71,
Toronto Maple Leafs,2031,3,Own,2.05,
Toronto Maple Leafs,2031,4,Own,0.98,
Toronto Maple Leafs,2031,5,Own,0.54,
Toronto Maple Leafs,2031,6,Own,0.29,
Toronto Maple Leafs,2031,7,Own,0.14,
Utah Mammoth,2027,1,Own,14.49,
Utah Mammoth,2027,2,Own,5.71,
Utah Mammoth,2027,3,Acquired from Maple Leafs,2.05,Jun 30 2025 The Toronto Maple Leafs acquired Matias Maccelli from the Utah Mammoth for a conditional 2027 3rd round pick
Utah Mammoth,2027,3,Traded Away,2.05,"Jul 1 2026 | Traded Away The Utah Mammoth acquire Vincent Trocheck from the New York Rangers for Sean Durzi, Cole Beaudoin and a conditional 2027 3rd round pick"
Utah Mammoth,2027,4,Own,0.98,
Utah Mammoth,2027,4,Acquired from Oilers,0.98,Mar 7 2024 The Edmonton Oilers acquired Troy Stecher and a 2024 7th round pick from the Arizona Coyotes for a 2027 4th round pick
Utah Mammoth,2027,5,Own,0.54,
Utah Mammoth,2027,5,Acquired from Lightning,0.54,Mar 8 2024 The Tampa Bay Lightning acquired Matt Dumba and a 2025 7th round pick from the Arizona Coyotes for a 2027 5th round pick
Utah Mammoth,2027,6,Own,0.29,
Utah Mammoth,2027,7,Own,0.14,
Utah Mammoth,2028,1,Acquired from Panthers,31.29,Jun 26 2026 The Boston Bruins acquire John-Jason Peterka from the Utah Mammoth for a 2026 1st round pick (#23) and a conditional 2028 1st round pick (FLA)
Utah Mammoth,2028,1,Own,14.49,
Utah Mammoth,2028,2,Own,5.71,
Utah Mammoth,2028,3,Own,2.05,
Utah Mammoth,2028,4,Own,0.98,
Utah Mammoth,2028,5,Own,0.54,
Utah Mammoth,2028,6,Own,0.29,
Utah Mammoth,2028,7,Own,0.14,
Utah Mammoth,2029,1,Own,14.49,
Utah Mammoth,2029,2,Own,5.71,
Utah Mammoth,2029,3,Own,2.05,
Utah Mammoth,2029,4,Own,0.98,
Utah Mammoth,2029,5,Own,0.54,
Utah Mammoth,2029,6,Own,0.29,
Utah Mammoth,2029,7,Own,0.14,
Utah Mammoth,2030,1,Own,14.49,
Utah Mammoth,2030,2,Own,5.71,
Utah Mammoth,2030,3,Own,2.05,
Utah Mammoth,2030,4,Own,0.98,
Utah Mammoth,2030,5,Own,0.54,
Utah Mammoth,2030,6,Own,0.29,
Utah Mammoth,2030,7,Own,0.14,
Utah Mammoth,2031,1,Own,14.49,
Utah Mammoth,2031,2,Own,5.71,
Utah Mammoth,2031,3,Own,2.05,
Utah Mammoth,2031,4,Own,0.98,
Utah Mammoth,2031,5,Own,0.54,
Utah Mammoth,2031,6,Own,0.29,
Utah Mammoth,2031,7,Own,0.14,
Vancouver Canucks,2027,1,Own,68.02,
Vancouver Canucks,2027,2,Traded Away,5.71,"Jun 26 2024 | Traded Away The Chicago Blackhawks acquired Ilya Mikheyev, Sam Lafferty, and a 2027 2nd round pick from the Vancouver Canucks for a 2027 4th round pick"
Vancouver Canucks,2027,2,Acquired from Sharks,5.71,"Jan 19 2026 The San Jose Sharks acquired Kiefer Sherwood from the Vancouver Canucks for a 2026 2nd round pick, a 2027 2nd round pick, and Cole Clayton"
Vancouver Canucks,2027,2,Acquired from Stars,5.71,Mar 4 2026 The Dallas Stars acquire Tyler Myers (50% retained) from the Vancouver Canucks for a 2027 2nd round pick and a 2029 4th round pick.
Vancouver Canucks,2027,3,Own,2.05,
Vancouver Canucks,2027,4,Own,0.98,
Vancouver Canucks,2027,4,Acquired from Penguins,0.98,Jul 13 2025 The Pittsburgh Penguins acquired Arturs Silovs from the Vancouver Canucks for Chase Stillman and a 2027 4th round pick
Vancouver Canucks,2027,5,Own,0.54,
Vancouver Canucks,2027,5,Acquired from Senators,0.54,Jun 27 2026 The Toronto Maple Leafs acquire a 2026 6th round pick (#161) from the Vancouver Canucks for a 2027 5th round pick (OTT)
Vancouver Canucks,2027,6,Own,0.29,
Vancouver Canucks,2027,7,Own,0.14,
Vancouver Canucks,2028,1,Own,68.02,
Vancouver Canucks,2028,2,Own,5.71,
Vancouver Canucks,2028,2,Acquired from Blue Jackets,5.71,Mar 5 2026 The Columbus Blue Jackets acquire Conor Garland from the Vancouver Canucks for a 2028 2nd round pick and a 2026 3rd round pick.
Vancouver Canucks,2028,3,Own,2.05,
Vancouver Canucks,2028,4,Own,0.98,
Vancouver Canucks,2028,4,Acquired from Maple Leafs,0.98,Jul 17 2025 The Toronto Maple Leafs acquired Dakota Joshua from the Vancouver Canucks for a 2028 4th round pick
Vancouver Canucks,2028,5,Own,0.54,
Vancouver Canucks,2028,6,Own,0.29,
Vancouver Canucks,2028,7,Own,0.14,
Vancouver Canucks,2029,1,Own,68.02,
Vancouver Canucks,2029,2,Own,5.71,
Vancouver Canucks,2029,3,Own,2.05,
Vancouver Canucks,2029,3,Acquired from Avalanche,2.05,Jun 29 2026 The Nashville Predators acquire Nils Hoglander from the Vancouver Canucks for a 2029 3rd round pick (COL)
Vancouver Canucks,2029,4,Own,0.98,
Vancouver Canucks,2029,4,Acquired from Stars,0.98,Mar 4 2026 The Dallas Stars acquire Tyler Myers (50% retained) from the Vancouver Canucks for a 2027 2nd round pick and a 2029 4th round pick.
Vancouver Canucks,2029,5,Own,0.54,
Vancouver Canucks,2029,6,Own,0.29,
Vancouver Canucks,2029,7,Own,0.14,
Vancouver Canucks,2030,1,Own,68.02,
Vancouver Canucks,2030,1,Acquired from Rangers,68.02,Jul 1 2026 The New York Rangers acquire Marcus Pettersson from the Vancouver Canucks for a conditional 2030 1st round pick
Vancouver Canucks,2030,2,Own,5.71,
Vancouver Canucks,2030,3,Own,2.05,
Vancouver Canucks,2030,4,Own,0.98,
Vancouver Canucks,2030,5,Own,0.54,
Vancouver Canucks,2030,6,Own,0.29,
Vancouver Canucks,2030,7,Own,0.14,
Vancouver Canucks,2031,1,Own,68.02,
Vancouver Canucks,2031,2,Own,5.71,
Vancouver Canucks,2031,3,Own,2.05,
Vancouver Canucks,2031,4,Own,0.98,
Vancouver Canucks,2031,5,Own,0.54,
Vancouver Canucks,2031,6,Own,0.29,
Vancouver Canucks,2031,7,Own,0.14,
Vegas Golden Knights,2027,1,Traded Away,14.49,"Jan 18 2026 | Traded Away The Vegas Golden Knights acquired Rasmus Andersson from the Calgary Flames for Zach Whitecloud, Abram Wiebe, a 2027 1st round pick, and a conditional 2028 2nd round pick"
Vegas Golden Knights,2027,2,Traded Away,5.71,Jun 30 2025 | Traded Away The Nashville Predators acquired Nicolas Hague and a conditional 2027 3rd round pick from the Vegas Golden Knights for Colton Sissons and Jeremy Lauzon
Vegas Golden Knights,2027,3,Acquired from Canadiens,2.05,"Jun 26 2026 The Montreal Canadiens acquire a 2026 1st round pick (DAL, #26) from the Vegas Golden Knights for a 2026 1st round pick (#28) and a 2027 3rd round pick"
Vegas Golden Knights,2027,3,Own,2.05,
Vegas Golden Knights,2027,4,Own,0.98,
Vegas Golden Knights,2027,5,Own,0.54,
Vegas Golden Knights,2027,6,Own,0.29,
Vegas Golden Knights,2027,7,Acquired from Red Wings,0.14,Jul 1 2026 The Detroit Red Wings acquire Keegan Kolesar from the Vegas Golden Knights for a 2029 3rd round pick and a 2027 7th round pick
Vegas Golden Knights,2027,7,Traded Away,0.14,Jun 27 2026 | Traded Away The Vegas Golden Knights acquire a 2026 7th round pick (#207) from the Detroit Red Wings for a 2027 7th round pick
Vegas Golden Knights,2028,1,Acquired from Rangers,68.02,"Jun 26 2026 The New York Rangers acquire Pavel Dorofeyev from the Vegas Golden Knights for a 2026 1st round pick (DAL, #26), a 2026 3rd round pick (BUF, #92) and a conditional 2028 1st round pick"
Vegas Golden Knights,2028,1,Own,14.49,
Vegas Golden Knights,2028,2,Traded Away,5.71,"Jan 18 2026 | Traded Away The Vegas Golden Knights acquired Rasmus Andersson from the Calgary Flames for Zach Whitecloud, Abram Wiebe, a 2027 1st round pick, and a conditional 2028 2nd round pick"
Vegas Golden Knights,2028,3,Acquired from Panthers,2.05,Jun 29 2026 The Florida Panthers acquire Akira Schmid from the Vegas Golden Knights for a 2028 3rd round pick
Vegas Golden Knights,2028,3,Traded Away,2.05,Mar 3 2026 | Traded Away The Vegas Golden Knights acquire Cole Smith from the Nashville Predators for a 2028 3rd round pick and Christoffer Sedoff.
Vegas Golden Knights,2028,4,Own,0.98,
Vegas Golden Knights,2028,5,Own,0.54,
Vegas Golden Knights,2028,6,Own,0.29,
Vegas Golden Knights,2028,7,Own,0.14,
Vegas Golden Knights,2029,1,Own,14.49,
Vegas Golden Knights,2029,2,Traded Away,5.71,"Mar 5 2026 | Traded Away The Vegas Golden Knights acquire Nic Dowd from the Washington Capitals for Jesper Vikman, a 2029 2nd round pick and a 2027 3rd round pick (SJS)."
Vegas Golden Knights,2029,3,Acquired from Red Wings,2.05,Jul 1 2026 The Detroit Red Wings acquire Keegan Kolesar from the Vegas Golden Knights for a 2029 3rd round pick and a 2027 7th round pick
Vegas Golden Knights,2029,3,Own,2.05,
Vegas Golden Knights,2029,4,Own,0.98,
Vegas Golden Knights,2029,5,Own,0.54,
Vegas Golden Knights,2029,6,Own,0.29,
Vegas Golden Knights,2029,7,Own,0.14,
Vegas Golden Knights,2030,1,Own,14.49,
Vegas Golden Knights,2030,2,Own,5.71,
Vegas Golden Knights,2030,3,Own,2.05,
Vegas Golden Knights,2030,4,Own,0.98,
Vegas Golden Knights,2030,5,Own,0.54,
Vegas Golden Knights,2030,6,Own,0.29,
Vegas Golden Knights,2030,7,Own,0.14,
Vegas Golden Knights,2031,1,Own,14.49,
Vegas Golden Knights,2031,2,Own,5.71,
Vegas Golden Knights,2031,3,Own,2.05,
Vegas Golden Knights,2031,4,Own,0.98,
Vegas Golden Knights,2031,5,Own,0.54,
Vegas Golden Knights,2031,6,Own,0.29,
Vegas Golden Knights,2031,7,Own,0.14,
Washington Capitals,2027,1,Own,31.29,
Washington Capitals,2027,2,Own,5.71,
Washington Capitals,2027,3,Traded Away,2.05,Nov 12 2024 | Traded Away The Washington Capitals acquired Lars Eller from the Pittsburgh Penguins for 2025 5th Round Pick and 2027 3rd Round Pick
Washington Capitals,2027,3,Acquired from Ducks,2.05,Mar 5 2026 The Anaheim Ducks acquire John Carlson from the Washington Capitals for a conditional 2026 1st round pick and a 2027 3rd round pick.
Washington Capitals,2027,3,Acquired from Penguins,2.05,Jun 25 2026 The Pittsburgh Penguins acquire Hendrix Lapierre from the Washington Capitals for a 2027 3rd round pick and a 2028 5th round pick (SJS)
Washington Capitals,2027,4,Acquired from Devils,0.98,Jun 25 2026 The New Jersey Devils acquire Declan Chisholm from the Washington Capitals for a 2027 4th round pick
Washington Capitals,2027,4,Own,0.98,
Washington Capitals,2027,5,Own,0.54,
Washington Capitals,2027,6,Traded Away,0.29,Jun 26 2025 | Traded Away The Washington Capitals acquired Justin Sourdif from the Florida Panthers for 2026 2nd Round Pick & 2027 6th Round Pick
Washington Capitals,2027,7,Own,0.14,
Washington Capitals,2027,7,Acquired from Senators,0.14,Jun 28 2025 The Ottawa Senators acquired a 2025 3rd round pick (#93) from the Washington Capitals for a 2025 3rd round pick (#96) and a 2027 7th round pick
Washington Capitals,2028,1,Own,31.29,
Washington Capitals,2028,2,Own,5.71,
Washington Capitals,2028,3,Own,2.05,
Washington Capitals,2028,4,Own,0.98,
Washington Capitals,2028,5,Own,0.54,
Washington Capitals,2028,6,Own,0.29,
Washington Capitals,2028,7,Own,0.14,
Washington Capitals,2029,1,Own,31.29,
Washington Capitals,2029,2,Own,5.71,
Washington Capitals,2029,2,Acquired from Golden Knights,5.71,"Mar 5 2026 The Vegas Golden Knights acquire Nic Dowd from the Washington Capitals for Jesper Vikman, a 2029 2nd round pick and a 2027 3rd round pick (SJS)."
Washington Capitals,2029,3,Own,2.05,
Washington Capitals,2029,4,Own,0.98,
Washington Capitals,2029,5,Own,0.54,
Washington Capitals,2029,6,Own,0.29,
Washington Capitals,2029,7,Own,0.14,
Washington Capitals,2030,1,Own,31.29,
Washington Capitals,2030,2,Own,5.71,
Washington Capitals,2030,3,Own,2.05,
Washington Capitals,2030,4,Own,0.98,
Washington Capitals,2030,5,Own,0.54,
Washington Capitals,2030,6,Own,0.29,
Washington Capitals,2030,7,Own,0.14,
Washington Capitals,2031,1,Own,31.29,
Washington Capitals,2031,2,Own,5.71,
Washington Capitals,2031,3,Own,2.05,
Washington Capitals,2031,4,Own,0.98,
Washington Capitals,2031,5,Own,0.54,
Washington Capitals,2031,6,Own,0.29,
Washington Capitals,2031,7,Own,0.14,
Winnipeg Jets,2027,1,Own,31.29,
Winnipeg Jets,2027,2,Traded Away,5.71,Mar 7 2025 | Traded Away The Winnipeg Jets acquired Brandon Tanev from the Seattle Kraken for a 2027 2nd round pick
Winnipeg Jets,2027,2,Acquired from Sabres,5.71,"Mar 5 2026 The Buffalo Sabres acquire Logan Stanley and Luke Schenn (50% retained) from the Winnipeg Jets for Jacob Bryson, Isak Rosén, a 2027 2nd round pick and a conditional 2026 4th round pick."
Winnipeg Jets,2027,3,Own,2.05,"Feb 2 2024 Sean Monahan trade, conditional 2027 3rd Round Pick transfers from Winnipeg to Montreal if Winnipeg wins 2024 Cup: Condition not met. Feb 2 2024 The Winnipeg Jets acquired Sean Monahan from the Montreal Canadiens for a 2024 1st round pick and a conditional 2027 3rd round pick (Condition not met)"
Winnipeg Jets,2027,4,Traded Away,0.98,Mar 7 2025 | Traded Away The Winnipeg Jets acquired Luke Schenn from the Pittsburgh Penguins for a 2026 2nd round pick and a 2027 4th round pick
Winnipeg Jets,2027,5,Own,0.54,
Winnipeg Jets,2027,6,Own,0.29,
Winnipeg Jets,2027,7,Own,0.14,
Winnipeg Jets,2028,1,Own,31.29,
Winnipeg Jets,2028,2,Own,5.71,
Winnipeg Jets,2028,3,Own,2.05,
Winnipeg Jets,2028,4,Own,0.98,
Winnipeg Jets,2028,5,Own,0.54,
Winnipeg Jets,2028,6,Own,0.29,
Winnipeg Jets,2028,7,Own,0.14,
Winnipeg Jets,2029,1,Own,31.29,
Winnipeg Jets,2029,2,Own,5.71,
Winnipeg Jets,2029,3,Own,2.05,
Winnipeg Jets,2029,4,Own,0.98,
Winnipeg Jets,2029,5,Own,0.54,
Winnipeg Jets,2029,6,Own,0.29,
Winnipeg Jets,2029,7,Own,0.14,
Winnipeg Jets,2030,1,Own,31.29,
Winnipeg Jets,2030,2,Own,5.71,
Winnipeg Jets,2030,3,Own,2.05,
Winnipeg Jets,2030,4,Own,0.98,
Winnipeg Jets,2030,5,Own,0.54,
Winnipeg Jets,2030,6,Own,0.29,
Winnipeg Jets,2030,7,Own,0.14,
Winnipeg Jets,2031,1,Own,31.29,
Winnipeg Jets,2031,2,Own,5.71,
Winnipeg Jets,2031,3,Own,2.05,
Winnipeg Jets,2031,4,Own,0.98,
Winnipeg Jets,2031,5,Own,0.54,
Winnipeg Jets,2031,6,Own,0.29,
Winnipeg Jets,2031,7,Own,0.14,
